氏名,氏名（ひらがな）,氏名（ローマ字）,年齢,生年月日,性別,血液型,メールアドレス,電話番号,携帯電話番号,郵便番号,住所,会社名,クレジットカード,有効期限,マイナンバー,氏名&年齢
山田 英男,やまだ ひでお,Yamada Hideo,65,1956年08月09日,男,B,yamada_hideo@example.ne.jp,03-2878-9045,080-6590-9448,142-5240,東京都大田区大森東3-2-7,,5465441878037822,01/24,465008950108,山田 英男(65)
大石 洋,おおいし ひろし,Oishi Hiroshi,73,1948年04月08日,その他・不明,B,oishihiroshi@example.jp,0297-37-4289,080-2895-5531,311-6992,茨城県稲敷郡阿見町中央2-4-8,,3553689128527442,05/23,219081742768,大石 洋(73)
伊藤 雄貴,いとう ゆうき,Ito Yuki,25,1996年11月09日,男,A,ito119@example.jp,0289-34-6984,050-0405-5942,329-3610,栃木県宇都宮市簗瀬4丁目2番10号,株式会社スペック,379776163531856,01/26,957233616934,伊藤 雄貴(25)
各務 猛,かがみ もう,Kagami Takeshi,31,1990年07月23日,男,A,kagami_takeshi@example.com,0278-79-0770,050-3514-9255,374-2428,群馬県前橋市西片貝町4丁目1番8号,小林商事株式会社,5289165755664804,03/25,886736400292,各務 猛(31)
辻 健太,つじ けんた,Tsuji Kenta,48,1973年08月05日,男,B,tsuji85@example.ne.jp,0224-75-3579,090-5335-3692,987-6536,宮城県仙台市宮城野区東仙台3丁目1番地9号,株式会社バディ,4842870681144127,04/23,054569465330,辻 健太(48)
星野 憲三,ほしの けんぞう,Hoshino Kenzo,36,1985年08月15日,男,O,hoshino815@example.jp,0479-23-1353,050-2108-5091,287-5792,千葉県習志野市鷺沼3丁目1番4号,有限会社ダイシン,4758694637018215,11/24,282252749050,星野 憲三(36)
川邉 碧,かわべ みどり,Kawabe Midori,22,1999年07月10日,女,A,kawabe_710@example.jp,03-8115-6505,090-0705-2325,146-1394,東京都八王子市明神町3丁目1番6号,,5375924220731498,06/26,382657811297,川邉 碧(22)
尾形 健夫,おがた たけお,Ogata Takeo,52,1969年04月26日,男,B,ogatatakeo@example.com,0773-99-8953,070-2757-2090,624-6710,京都府宇治市折居台2-5-18,株式会社ネクステージ,5572135071599907,02/23,154653910808,尾形 健夫(52)
長谷川 拓也,はせがわ たくや,Hasegawa Takuya,61,1960年02月07日,男,O,hasegawa_takuya@example.net,01457-8-1467,050-7161-6489,057-5772,北海道北見市大通西3-1-1107,,3566187181922365,09/22,713230804008,長谷川 拓也(61)
蒲生 優子,がもう ゆうこ,Gamo Yuko,50,1971年01月25日,女,A,gamo_125@example.com,03-2750-4319,080-5674-5135,148-4497,東京都江東区大島1-1-22,,3582933411038740,02/24,684120426636,蒲生 優子(50)
坂本 正章,さかもと まさあき,Sakamoto Masaaki,40,1981年12月26日,男,B,sakamoto_1226@example.net,06-1440-1170,090-0312-9417,550-6170,大阪府大阪市港区築港2-4-8,佐藤商事株式会社,5365174170152038,06/22,250418761810,坂本 正章(40)
佐藤 真弓,さとう まゆみ,Sato Mayumi,50,1971年10月31日,女,O,mayumisato@example.ne.jp,06-6658-8315,070-2099-4201,592-3705,大阪府大阪市北区西天満1丁目1番7号,,5385426607090504,06/24,721804911277,佐藤 真弓(50)
池田 隼人,いけだ はやと,Ikeda Hayato,24,1997年03月26日,男,A,hayatoikeda@example.com,03-1181-3899,090-6377-8874,132-2749,東京都杉並区永福1丁目1番10号,株式会社OWL,5268307214857943,03/26,820553003943,池田 隼人(24)
織田 隆,おだ たかし,Oda Takashi,68,1953年12月31日,男,O,takashi_oda@example.com,03-1225-6451,070-6699-9004,153-1451,東京都新宿区下落合1丁目3番7号,,375809537927007,04/24,688322753820,織田 隆(68)
岡本 翼,おかもと つばさ,Okamoto Tsubasa,26,1995年07月30日,女,A,tsubasaokamoto@example.jp,044-835-5816,070-0353-5599,224-2201,神奈川県相模原市南区古淵3-1-16,株式会社シグマ,378331599471417,01/22,325022264652,岡本 翼(26)
小林 悟,こばやし さとる,Kobayashi Satoru,41,1980年12月20日,男,A,satorukobayashi@example.org,03-9700-5109,080-3985-6498,110-3457,東京都中央区銀座2丁目2番9号,株式会社大和屋,5477236721008889,07/26,220138289109,小林 悟(41)
谷内 宏,たにうち ひろし,Taniuchi Hiroshi,77,1944年10月26日,男,A,taniuchi1026@example.com,096-154-4904,090-7508-3386,860-5052,熊本県熊本市西区池田1丁目3番10号,,3571267279780595,09/22,422207631207,谷内 宏(77)
高尾 素子,たかお もとこ,Takao Motoko,24,1997年04月02日,女,A,motoko_takao@example.co.jp,0493-61-1289,070-8292-7784,340-4718,埼玉県和光市下新倉1-2-308,有限会社ノア,3541774355757568,12/25,669904581027,高尾 素子(24)
越石 かおる,こしいし かおる,Koshiishi Kaoru,43,1978年04月23日,女,B,kaorukoshiishi@example.com,0538-00-7357,070-7293-9407,423-4414,静岡県焼津市八楠3-1-6,株式会社LIFE,3579650845551735,08/23,298878358880,越石 かおる(43)
重松 礼美,しげまつ ひろみ,Shigematsu Remi,61,1960年03月13日,その他・不明,AB,remishigematsu@example.net,044-642-4005,090-4944-9454,239-7636,神奈川県相模原市南区南台2-4-5,,5131276647114260,07/26,181929278091,重松 礼美(61)
丸岡 圭亮,まるおか けいすけ,Maruoka Keisuke,22,1999年08月10日,男,A,maruoka810@example.com,03-0021-2919,090-8304-0741,101-9093,東京都江戸川区北葛西3丁目3番7号,株式会社HERO,4808270461807377,09/24,502753458943,丸岡 圭亮(22)
豊嶋 由希子,とよしま ゆきこ,Toyoshima Yukiko,70,1951年06月30日,女,A,toyoshima_yukiko@example.ne.jp,03-7663-1340,070-6612-1743,208-3378,東京都練馬区氷川台2丁目3番5号,,5355522401585057,11/23,256277944574,豊嶋 由希子(70)
坂井 久美子,さかい くみこ,Sakai Kumiko,50,1971年09月07日,女,A,sakai_97@example.jp,0135-77-6492,090-2130-9145,058-2242,北海道札幌市北区北二十五条西1-3-309,株式会社松商,371747674811606,07/24,461595440340,坂井 久美子(50)
一ノ瀬 尊之,いちのせ たかゆき,Ichinose Takayuki,74,1947年11月10日,男,A,takayukiichinose@example.org,0567-96-7348,050-2462-9577,463-1399,愛知県瀬戸市西松山町1-2-20,,373512617250520,03/26,472008153271,一ノ瀬 尊之(74)
村上 修平,むらかみ しゅうへい,Murakami Shuhei,41,1980年06月03日,男,O,shuhei_murakami@example.co.jp,0986-86-9633,070-0396-1500,891-1857,鹿児島県鹿児島市伊敷台4丁目1番5号,有限会社高橋組,4831462296435190,05/26,180134168925,村上 修平(41)
古賀 洋美,こが ひろみ,Koga Hiromi,21,2000年05月07日,女,A,koga_hiromi@example.org,03-9052-1416,080-9030-6005,109-1780,東京都練馬区大泉学園町1丁目3番3号,有限会社ジャスティス,3585273870128790,06/25,551831430989,古賀 洋美(21)
成瀬 譲,なるせ ゆずる,Naruse Yuzuru,70,1951年04月27日,男,B,yuzuru_naruse@example.jp,0158-74-8022,050-6230-3868,065-6503,北海道札幌市北区拓北二条1-1-7,,5581720235551693,06/24,241271350365,成瀬 譲(70)
日置 嘉昭,ひおき よしあき,Hioki Yoshiaki,43,1978年08月26日,男,AB,hioki_826@example.net,087-882-7646,050-6671-9168,764-0821,香川県高松市福岡町2-5-502,有限会社光洋,379005891194708,07/26,163207171510,日置 嘉昭(43)
大沼 高広,おおぬま たかひろ,Onuma Takahiro,32,1989年08月20日,男,O,onumatakahiro@example.co.jp,03-6518-4024,090-0960-8389,113-8798,東京都江東区大島1-3-20,株式会社ドリーム,370144703581171,07/26,169987744981,大沼 高広(32)
石井 明日香,いしい あすか,Ishii Asuka,55,1966年04月09日,女,A,ishii_49@example.jp,093-948-9690,080-6355-0254,808-5634,福岡県大野城市牛頸1丁目3番地5号,株式会社リプラス,5410738828206738,08/25,065992662373,石井 明日香(55)
岩見 緑,いわみ みどり,Iwami Midori,39,1982年07月24日,女,B,iwami724@example.net,03-4085-6448,080-8522-7325,180-7765,東京都府中市若松町2-3-15,株式会社ネクストイノベーション,5291594668486763,11/23,741847172320,岩見 緑(39)
島本 清明,しまもと きよあき,Shimamoto Kiyoaki,41,1980年11月28日,その他・不明,AB,kiyoaki_shimamoto@example.org,03-3838-6275,050-0982-4093,152-1764,東京都新宿区西落合4丁目3番7号,株式会社アイ・コーポレーション,3556344995986860,03/25,999283823242,島本 清明(41)
椎谷 大志,しいや ひろし,Shiiya Taishi,67,1954年07月01日,男,O,shiiyataishi@example.org,03-4389-5887,090-4129-9088,187-3221,東京都荒川区南千住3-1-15,,5421969922402314,10/22,727845242760,椎谷 大志(67)
水島 哲三,みずしま てつぞう,Mizushima Tetsuzo,58,1963年07月01日,男,O,mizushima_tetsuzo@example.ne.jp,0493-42-1445,070-9904-2654,353-0782,埼玉県さいたま市南区内谷1-2-20,,3559730781053492,01/26,730121098030,水島 哲三(58)
北島 靖久,きたじま やすひさ,Kitajima Yasuhisa,54,1967年04月27日,男,A,yasuhisa_kitajima@example.org,0493-65-9540,090-6509-4256,334-0830,埼玉県戸田市本町4丁目3番地4号,株式会社フルール,4499902660005726,03/25,034930206697,北島 靖久(54)
櫻井 康大,さくらい やすひろ,Sakurai Yasuhiro,34,1987年09月19日,男,A,sakuraiyasuhiro@example.ne.jp,0980-39-9060,050-9534-0955,906-5409,沖縄県宜野湾市志真志2-2-504,,5529900420001663,12/25,891930883974,櫻井 康大(34)
山田 謙太郎,やまだ けんたろう,Yamada Kentaro,48,1973年05月30日,男,A,yamada530@example.com,06-0761-0310,080-0562-0910,597-2275,大阪府寝屋川市三井が丘2-4-17,株式会社クレオ,3560467638128592,10/26,796854789138,山田 謙太郎(48)
依田 剛士,よだ つよし,Yoda Takeshi,48,1973年07月16日,男,A,yoda_takeshi@example.net,0566-86-7136,090-5079-1654,471-8722,愛知県名古屋市港区小碓2-5-7,株式会社オーシャン,376670509519902,11/26,427028122040,依田 剛士(48)
宮本 はづき,みやもと はづき,Miyamoto Hazuki,44,1977年06月28日,その他・不明,O,hazukimiyamoto@example.ne.jp,0823-04-7821,050-5895-1175,728-3998,広島県広島市安佐南区大町東1丁目2番9号,有限会社ヨシオカ,376697254079311,05/22,533385676717,宮本 はづき(44)
黒田 英知,くろだ ひでとも,Kuroda Hidetomo,33,1988年02月15日,男,O,hidetomo_kuroda@example.net,03-0417-6750,050-7082-8626,133-4366,東京都江戸川区平井2丁目2番9号,株式会社ロード,376478503576229,02/24,680487223388,黒田 英知(33)
河端 佐知子,かわばた さちこ,Kawabata Sachiko,26,1995年05月05日,女,A,sachiko_kawabata@example.org,0797-38-2821,080-4592-4561,666-0462,兵庫県神戸市灘区国玉通1-3-11,有限会社さくら,4500888330180006,11/26,437094453177,河端 佐知子(26)
藤田 良介,ふじた りょうすけ,Fujita Ryosuke,52,1969年12月30日,男,O,fujita_ryosuke@example.org,044-338-5537,080-5277-2622,255-8566,神奈川県茅ヶ崎市高田2-1-16,大成工業株式会社,5187949305894687,02/24,405249610372,藤田 良介(52)
中嶋 祐司,なかじま ゆうじ,Nakajima Yuji,63,1958年02月02日,男,B,yuji_nakajima@example.org,0246-97-4560,080-7783-1614,968-6667,福島県郡山市菜根2-2-19,,4273706044606824,04/24,010134247245,中嶋 祐司(63)
藤谷 耕太,ふじたに こうた,Fujitani Kota,21,2000年06月24日,男,O,kota_fujitani@example.co.jp,03-2722-2757,090-0591-5567,100-9018,東京都港区虎ノ門1-5-22,株式会社ディライト,4044601495322617,12/26,772783228010,藤谷 耕太(21)
松島 裕樹,まつしま ゆうき,Matsushima Hiroki,41,1980年06月19日,男,B,hirokimatsushima@example.co.jp,03-1673-3310,070-3164-4850,117-4272,東京都葛飾区白鳥2-1-1004,株式会社メック,5125625035057929,11/22,863809883912,松島 裕樹(41)
西川 徳彦,にしかわ のりひこ,Nishikawa Norihiko,55,1966年10月11日,男,O,norihikonishikawa@example.org,03-8252-2269,050-0251-3014,164-8459,東京都八王子市子安町4丁目3番地4号,,3542576528379314,11/22,916139799768,西川 徳彦(55)
新田 麻衣子,にった まいこ,Nitta Maiko,51,1970年06月08日,その他・不明,O,maiko_nitta@example.ne.jp,03-2668-2283,050-9866-1555,170-4782,東京都台東区松が谷1-3-11,有限会社葵,370275345589402,11/23,510719100269,新田 麻衣子(51)
村上 めぐみ,むらかみ めぐみ,Murakami Megumi,70,1951年11月30日,女,O,murakami1130@example.co.jp,096-821-2562,070-4085-7738,860-6869,熊本県熊本市東区東野2-4-20,,3553912383323624,01/26,038995479327,村上 めぐみ(70)
亀井 慎也,かめい しんや,Kamei Shinya,26,1995年09月26日,男,B,kamei_shinya@example.org,06-2338-7354,050-0439-0963,535-5361,大阪府大阪市西区九条南2-2-1109,有限会社エムアンドエム,374722620539665,04/23,963611625777,亀井 慎也(26)
石井 匡人,いしい まさと,Ishii Masato,48,1973年05月03日,男,A,ishii53@example.co.jp,0576-90-6320,070-5715-2783,508-7967,岐阜県多治見市池田町4丁目2番6号,,5561731471975193,03/26,617680098228,石井 匡人(48)
高橋 淳子,たかはし じゅんこ,Takahashi Junko,45,1976年08月28日,女,A,junko_takahashi@example.org,0466-81-3742,070-8627-1881,222-3225,神奈川県横浜市瀬谷区本郷2-4-22,,5270135361192038,01/23,274512925343,高橋 淳子(45)
多田 容子,ただ ひろこ,Tada Yoko,43,1978年10月24日,女,O,tada_yoko@example.jp,03-7316-9481,050-7896-7315,148-8279,東京都千代田区九段北2丁目1番3号,株式会社ライブ,3566017461265963,03/25,407985201741,多田 容子(43)
桑原 綾,くわばら あや,Kuwabara Aya,21,2000年06月15日,女,AB,kuwabaraaya@example.co.jp,03-8335-6777,090-0046-9443,134-7140,東京都世田谷区経堂3-5-9,有限会社京屋,5223180476549308,03/24,629038146969,桑原 綾(21)
吉村 祐香,よしむら ゆか,Yoshimura Yuka,31,1990年10月22日,女,A,yoshimura1022@example.ne.jp,0798-83-4705,090-8772-7758,659-2779,兵庫県神戸市西区狩場台1-5-203,有限会社和楽,3569859684178664,04/23,649562307270,吉村 祐香(31)
大井 里江子,おおい さえこ,Oi Rieko,78,1943年11月06日,女,A,rieko_oi@example.ne.jp,03-2073-9743,050-4291-0458,115-1423,東京都新宿区西新宿2-3-903,,3578734307425371,09/24,991293774338,大井 里江子(78)
松尾 正義,まつお せいぎ,Matsuo Masayoshi,80,1941年10月06日,男,A,masayoshimatsuo@example.org,03-5367-3943,080-5267-2585,136-1415,東京都品川区荏原4丁目2番5号,,5196083764435664,06/22,054811066187,松尾 正義(80)
林 清佳,はやし さやか,Hayashi Sayaka,66,1955年07月02日,女,A,sayakahayashi@example.org,03-1832-1793,090-1943-7384,198-3341,東京都港区六本木4丁目3番3号,,3582756352580499,09/22,053900412467,林 清佳(66)
森 駿介,もり しゅんすけ,Mori Shunsuke,61,1960年10月18日,男,A,mori1018@example.ne.jp,0892-98-2290,080-5877-8523,795-9113,愛媛県四国中央市三島宮川2-1-12,,5505080185548485,10/22,702459511932,森 駿介(61)
中村 健,なかむら けん,Nakamura Ken,76,1945年04月22日,男,A,nakamura_ken@example.jp,0226-90-6545,080-3645-7639,984-9657,宮城県仙台市若林区大和町3-4-207,,4677538979974121,10/25,236688266118,中村 健(76)
小沢 正子,おざわ まさこ,Ozawa Masako,35,1987年01月10日,女,B,ozawa110@example.org,093-435-6538,070-7814-4119,837-6371,福岡県福岡市南区野間3丁目3番5号,有限会社山本商店,3534318242014103,02/24,656119610128,小沢 正子(35)
石本 啓介,いしもと けいすけ,Ishimoto Keisuke,73,1948年09月23日,男,O,ishimotokeisuke@example.com,03-3039-2889,090-1810-6350,188-5052,東京都港区芝1丁目2番地3号,,4739252538539294,03/23,608795740900,石本 啓介(73)
内匠 竜也,たくみ たつや,Takumi Tatsuya,70,1951年10月07日,男,AB,takumi_tatsuya@example.co.jp,089-673-8495,090-4554-4389,798-9889,愛媛県今治市小泉3丁目1番地5号,,3538020220253051,10/26,277180449703,内匠 竜也(70)
渡邊 洋平,わたなべ ようへい,Watanabe Yohei,50,1971年04月07日,男,O,yoheiwatanabe@example.org,09496-5-0391,070-9658-7039,807-5654,福岡県太宰府市青葉台2-3-1002,,4682134190243943,01/23,806140019024,渡邊 洋平(50)
野澤 大介,のざわ だいすけ,Nozawa Daisuke,44,1977年05月31日,男,B,nozawadaisuke@example.org,0565-66-7577,070-0611-5198,498-3997,愛知県名古屋市中村区平池町3丁目2番9号,有限会社山商,4871078492586742,12/25,362289266746,野澤 大介(44)
村松 潔,むらまつ きよし,Muramatsu Kiyoshi,31,1990年01月18日,その他・不明,A,kiyoshimuramatsu@example.co.jp,0287-89-2217,080-5323-1991,325-1221,栃木県小山市犬塚3丁目1番8号,株式会社ヤマモト,379738540347430,04/25,125832830442,村松 潔(31)
今橋 理奈,いまはし りな,Imahashi Rina,71,1950年12月22日,女,O,imahashi1222@example.net,0986-21-4188,080-0185-4638,892-6236,鹿児島県鹿児島市清和2丁目1番8号,,370729490072838,06/22,188168400160,今橋 理奈(71)
長井 英二,ながい えいじ,Nagai Eiji,57,1964年04月25日,男,A,nagai_425@example.org,0940-46-8866,050-0079-8960,806-6627,福岡県福岡市中央区天神1-2-15,株式会社サンワールド,5423586743664936,04/25,994919329071,長井 英二(57)
竹田 麻美子,たけだ まみこ,Takeda Mamiko,78,1943年12月31日,その他・不明,AB,takeda_1231@example.co.jp,03-3734-5319,050-3681-0639,133-8267,東京都中央区銀座1-4-1202,,5306713519469330,09/25,176078130394,竹田 麻美子(78)
荒木 由貴子,あらき ゆきこ,Araki Yukiko,61,1960年10月12日,女,A,araki1012@example.jp,03-0887-4739,050-2601-9753,177-3694,東京都足立区東和1-4-17,,4502481506311601,06/25,848450040044,荒木 由貴子(61)
橘田 慎二,きった しんじ,Kitta Shinji,79,1942年11月30日,男,B,kittashinji@example.co.jp,0946-52-4129,050-0402-9119,804-1054,福岡県太宰府市大佐野3-3-19,,3556584766546118,08/24,646945625640,橘田 慎二(79)
尾形 敏弘,おがた としひろ,Ogata Toshihiro,79,1942年03月29日,男,O,toshihiroogata@example.net,01398-5-1326,080-8636-1941,099-5605,北海道小樽市新光1-2-7,,3535517180192610,10/25,302444236295,尾形 敏弘(79)
井手口 ゆう,いでぐち ゆう,Ideguchi Yu,69,1952年09月03日,女,A,ideguchiyu@example.com,03-9817-8705,090-8152-2390,145-5734,東京都杉並区浜田山3-1-18,,4122542339955847,02/24,977111763759,井手口 ゆう(69)
志賀 諒,しが りょう,Shiga Ryo,71,1950年07月24日,男,O,shiga_ryo@example.org,0930-18-9643,050-0473-6027,804-0508,福岡県福岡市早良区田村3丁目3番地9号,,377285723141067,11/24,201545083952,志賀 諒(71)
山崎 綾子,やまざき あやこ,Yamazaki Ayako,52,1969年02月10日,女,A,yamazakiayako@example.com,044-477-0769,090-4087-1333,227-6506,神奈川県横浜市鶴見区上末吉1丁目3番10号,株式会社ランド,374036303080008,02/22,936340906530,山崎 綾子(52)
橋本 大輔,はしもと だいすけ,Hashimoto Daisuke,37,1984年06月03日,男,AB,hashimoto_63@example.ne.jp,046-234-1553,070-1347-6633,237-0030,神奈川県横浜市西区桜木町2-4-8,株式会社オールウェイズ,5383274816525098,08/25,577539036594,橋本 大輔(37)
湯浅 絵理子,ゆあさ えりこ,Yuasa Eriko,38,1983年10月19日,女,A,erikoyuasa@example.ne.jp,0561-68-7374,050-2725-3022,489-6262,愛知県蒲郡市三谷北通2-5-17,株式会社ステップ,3584715282434134,01/26,283775680409,湯浅 絵理子(38)
田中 啓吾,たなか けいご,Tanaka Keigo,43,1978年01月27日,男,AB,tanaka_keigo@example.jp,03-0397-0462,090-4363-7078,191-7803,東京都北区志茂1-3-906,有限会社スエヒロ,370757778505054,02/24,511819338501,田中 啓吾(43)
川上 正,かわかみ ただし,Kawakami Tadashi,65,1956年10月09日,男,B,kawakamitadashi@example.jp,0282-21-8336,080-5492-5371,325-7151,栃木県宇都宮市大曽2-5-1202,,373049433182587,12/24,713889625615,川上 正(65)
伊藤 美穂子,いとう みほこ,Ito Mihoko,77,1944年11月26日,女,A,ito1126@example.org,03-2249-3000,070-1048-9502,149-1720,東京都渋谷区千駄ヶ谷1-4-504,,372761044264080,07/22,369565876108,伊藤 美穂子(77)
宮川 健太郎,みやがわ けんたろう,Miyagawa Kentaro,60,1961年10月04日,男,B,miyagawa_kentaro@example.org,048-929-3975,080-6927-1339,337-3473,埼玉県川口市前川町3-1-901,,4990846045534138,11/24,379562104533,宮川 健太郎(60)
松井 純一,まつい じゅんいち,Matsui Junichi,26,1995年12月27日,男,O,matsuijunichi@example.jp,0796-77-8016,090-7017-9775,663-4117,兵庫県川西市けやき坂2-3-201,株式会社SAKURA,376928444795668,05/22,723590091040,松井 純一(26)
勝田 彰一,かつた しょういち,Katsuta Shoichi,46,1975年05月27日,男,A,shoichi_katsuta@example.net,0479-16-5953,050-2716-9348,272-3962,千葉県習志野市鷺沼台1-4-17,株式会社エフォート,4446593581296306,01/25,356791231638,勝田 彰一(46)
森岡 麻子,もりおか あさこ,Morioka Asako,29,1992年10月20日,女,B,morioka_1020@example.org,03-3542-9265,070-8348-2314,133-3614,東京都渋谷区千駄ヶ谷2-4-16,,3576001857830844,12/23,529291790373,森岡 麻子(29)
大友 武志,おおとも たけし,Otomo Takeshi,61,1960年03月06日,男,O,otomo_36@example.org,0283-31-9883,070-0095-3549,324-3305,栃木県宇都宮市峰3-2-19,,3540003241995765,11/24,848310760128,大友 武志(61)
藤野 祐介,ふじの ゆうすけ,Fujino Yusuke,35,1986年04月19日,男,B,fujino419@example.jp,01634-7-6015,070-0316-6860,077-4889,北海道浦河郡浦河町大通3-2-18,株式会社こころ,4418399857395945,10/25,600636533600,藤野 祐介(35)
木下 拓,きのした たく,Kinoshita Taku,39,1982年01月22日,男,A,kinoshita_122@example.com,03-6854-8120,050-1427-7792,185-4680,東京都港区新橋1丁目2番3号,有限会社協和,3534743861938011,08/24,145616438148,木下 拓(39)
鈴木 徳子,すずき のりこ,Suzuki Noriko,32,1989年03月14日,女,O,norikosuzuki@example.jp,042-800-7278,080-7386-1419,366-1902,埼玉県川口市上青木西3-5-21,株式会社ライフパートナー,378081480588999,03/23,338423926849,鈴木 徳子(32)
上間 裕二,うえま ゆうじ,Uema Yuji,38,1983年08月02日,男,A,uema82@example.org,043-223-7251,090-5129-6741,261-6463,千葉県木更津市岩根1-4-7,有限会社山幸,376824048114085,07/22,421059076030,上間 裕二(38)
西山 隆之,にしやま たかゆき,Nishiyama Takayuki,21,2000年11月05日,男,O,takayuki_nishiyama@example.co.jp,048-328-7378,090-5543-8264,338-2867,埼玉県和光市下新倉3-3-11,株式会社ダイワ,5535438694954103,01/23,668654389943,西山 隆之(21)
小倉 一博,おぐら かずひろ,Ogura Kazuhiro,54,1967年02月23日,男,O,kazuhiroogura@example.com,03-2392-2006,050-5725-1597,185-7606,東京都大田区中央3丁目3番6号,有限会社遠藤商店,5158833346257135,08/23,386307981519,小倉 一博(54)
諸井 剛史,もろい たけし,Moroi Takeshi,41,1980年01月24日,男,O,takeshi_moroi@example.co.jp,082-579-3413,090-6371-9517,739-6029,広島県広島市佐伯区五日市中央1-4-20,有限会社菊屋,376084133941203,09/24,869190243512,諸井 剛史(41)
嶋 たかゆき,しま たかゆき,Shima Takayuki,59,1962年10月12日,男,A,shimatakayuki@example.net,044-458-7197,090-2052-7114,234-7718,神奈川県川崎市川崎区浅田1-4-1208,中村工業株式会社,3553442752007384,02/23,240698265540,嶋 たかゆき(59)
中島 まゆ,なかじま まゆ,Nakajima Mayu,67,1955年01月07日,女,B,nakajima_17@example.co.jp,06-8953-0805,080-2300-2114,575-7640,大阪府大東市三箇3-1-604,,371150690831940,07/24,264871178736,中島 まゆ(67)
田中 俊彦,たなか としひこ,Tanaka Toshihiko,43,1978年12月25日,男,B,tanaka_toshihiko@example.ne.jp,044-890-4182,080-4760-8216,215-0290,神奈川県横浜市都筑区東山田4丁目3番9号,株式会社ウイズ,3545577912016261,12/25,915584369513,田中 俊彦(43)
吉浦 佐智子,よしうら さちこ,Yoshiura Sachiko,21,2001年01月01日,女,AB,sachikoyoshiura@example.org,0255-63-8945,080-9953-1121,953-3230,新潟県新潟市江南区曙町1-1-702,株式会社タクミ,4403288860908280,09/24,425167528644,吉浦 佐智子(21)
光成 綾,みつなり あや,Mitsunari Aya,53,1968年02月01日,女,O,mitsunari_aya@example.org,03-1507-6987,050-2918-8860,119-0566,東京都港区虎ノ門2-1-15,有限会社協和工業,4700733672840460,12/23,970819830109,光成 綾(53)
下村 オサム,しもむら おさむ,Shimomura Osamu,70,1951年07月02日,その他・不明,A,shimomuraosamu@example.com,0767-65-6612,080-2783-7472,928-0207,石川県金沢市北安江2丁目2番6号,,5126520142344451,12/25,109944991800,下村 オサム(70)
三浦 政治,みうら せいじ,Miura Masaharu,42,1979年05月16日,男,O,masaharu_miura@example.org,03-0999-2122,050-3065-5317,142-2127,東京都品川区北品川2-4-502,,378938464831689,10/24,024805301356,三浦 政治(42)
村田 裕子,むらた ゆうこ,Murata Yuko,69,1952年10月16日,女,O,murata_1016@example.net,0826-26-2303,050-4139-4771,721-2181,広島県広島市中区大手町4丁目2番7号,,379084382662085,02/25,341168395207,村田 裕子(69)
後藤 正大,ごとう まさひろ,Goto Masahiro,47,1974年01月30日,男,A,masahiro_goto@example.net,03-3087-5684,090-4250-6884,161-1450,東京都練馬区南田中4丁目2番地3号,有限会社クレア,5379654240896379,05/23,235117917026,後藤 正大(47)
兼平 哲朗,かねひら てつろう,Kanehira Tetsuro,34,1987年04月27日,男,B,kanehira_tetsuro@example.ne.jp,0596-54-2401,070-0806-6107,519-4424,三重県鈴鹿市西条1-2-21,株式会社エンゼル,5474447379404691,02/22,194361942026,兼平 哲朗(34)
森川 晴菜,もりかわ はるな,Morikawa Haruna,35,1986年08月18日,女,B,harunamorikawa@example.com,03-2113-4914,070-3370-6457,191-4013,東京都新宿区高田馬場3丁目3番地5号,株式会社吉田,3543021493827517,06/26,463287985096,森川 晴菜(35)
松浦 加奈子,まつうら かなこ,Matsuura Kanako,39,1982年09月01日,女,O,matsuurakanako@example.org,03-6579-5593,080-7053-8758,171-6885,東京都練馬区練馬3丁目2番5号,株式会社アビリティ,373408300828757,08/23,057656996538,松浦 加奈子(39)
弥永 愛,やなが あい,Yanaga Ai,51,1970年01月22日,女,O,aiyanaga@example.co.jp,0597-48-7541,080-7678-4031,513-7576,三重県鈴鹿市長太栄町1-1-12,株式会社グラント,375162237570135,12/23,996234410197,弥永 愛(51)
白崎 純平,しらさき じゅんぺい,Shirasaki Junpei,21,2000年08月11日,男,A,shirasaki_811@example.org,03-9011-1959,080-4168-9317,164-9539,東京都世田谷区弦巻3丁目2番3号,有限会社加藤製作所,5220956152599078,11/24,256672499687,白崎 純平(21)
土佐 友子,とさ ともこ,Tosa Tomoko,29,1992年01月15日,女,B,tosa_115@example.jp,03-5289-9763,070-6619-9901,175-8711,東京都中央区八丁堀1丁目2番5号,株式会社トーカイ,5433208069564560,02/23,837731699469,土佐 友子(29)
滝沢 渉,たきざわ わたる,Takizawa Wataru,64,1957年05月28日,男,O,takizawa_wataru@example.net,093-573-2559,090-7481-8267,834-6562,福岡県糟屋郡志免町志免中央3-4-10,,5326451226828243,08/22,934744840689,滝沢 渉(64)
菊池 さと子,きくち さとこ,Kikuchi Satoko,48,1973年06月26日,女,B,kikuchi_626@example.jp,03-7108-7577,050-8772-2977,146-2848,東京都西東京市新町1-1-506,株式会社ベクトル,5174645022783709,10/22,703562347144,菊池 さと子(48)
小橋川 さゆり,こばしがわ さゆり,Kobashigawa Sayuri,32,1989年05月19日,女,A,kobashigawa519@example.jp,03-8146-2788,070-6800-8610,197-2615,東京都港区芝2-5-15,株式会社ハシモト,5185888097470136,05/24,180690898614,小橋川 さゆり(32)
堀木 陽一,ほりき よういち,Horiki Yoichi,25,1996年07月09日,男,AB,horikiyoichi@example.ne.jp,06-3298-2007,050-4746-9683,533-1717,大阪府高槻市宮之川原1-1-1204,株式会社日昇,5412223884446468,10/25,029179086849,堀木 陽一(25)
篠原 美樹,しのはら みき,Shinohara Miki,53,1968年11月13日,女,A,shinoharamiki@example.net,0493-34-2869,070-5565-3564,338-4074,埼玉県ふじみ野市新駒林2丁目2番10号,株式会社アバンセ,5447254399316671,02/24,633076530737,篠原 美樹(53)
青木 智美,あおき ともみ,Aoki Tomomi,29,1992年03月09日,女,O,tomomiaoki@example.net,06-5910-5663,090-2246-0119,563-8841,大阪府東大阪市横小路町2丁目3番地6号,,3576395777584337,09/22,097453611080,青木 智美(29)
久保 麻衣,くぼ まい,Kubo Mai,38,1983年11月27日,女,O,kubo_1127@example.ne.jp,03-5088-7584,050-1523-8489,196-1810,東京都文京区本郷1-5-15,株式会社あかり,375188089865786,06/22,532227131430,久保 麻衣(38)
山口 勇作,やまぐち ゆうさく,Yamaguchi Yusaku,47,1974年10月02日,男,A,yamaguchi_yusaku@example.ne.jp,03-8510-0331,080-3779-6494,109-0819,東京都練馬区中村北2-5-5,有限会社スギヤマ,371435499661956,08/25,607532814148,山口 勇作(47)
藤田 利江子,ふじた りえこ,Fujita Rieko,47,1974年01月16日,女,B,riekofujita@example.jp,0493-86-5388,090-5214-9060,359-7586,埼玉県さいたま市桜区西堀4丁目2番8号,有限会社エトワール,4127105028309315,03/23,459435363280,藤田 利江子(47)
平川 正基,ひらかわ まさき,Hirakawa Masaki,64,1957年12月02日,男,AB,hirakawa_masaki@example.co.jp,0465-35-9697,070-4536-1243,259-3594,神奈川県横浜市都筑区荏田南2-3-11,,5464205569792016,09/25,450477366851,平川 正基(64)
中島 優,なかじま ゆう,Nakajima Yu,77,1944年12月31日,男,O,nakajima_yu@example.com,04-8730-4849,070-4633-1271,270-2155,千葉県柏市あけぼの2-4-3,,4319286033212435,10/24,268945613842,中島 優(77)
前田 英里,まえだ えり,Maeda Eri,44,1977年04月18日,女,A,erimaeda@example.co.jp,06-7735-7040,050-5310-9330,589-2834,大阪府大阪市生野区小路東1-4-16,有限会社パレット,378829415734348,02/25,472194049730,前田 英里(44)
岸川 憲一,きしかわ けんいち,Kishikawa Kenichi,72,1949年06月10日,男,A,kishikawa_kenichi@example.jp,06-6018-1688,070-9380-1391,569-3282,大阪府大阪市福島区玉川3-5-6,,4723364979777446,08/25,080712877948,岸川 憲一(72)
藤井 雄司,ふじい ゆうじ,Fujii Yuji,35,1986年08月02日,男,B,fujii_yuji@example.com,0797-08-0776,050-9490-6174,664-5185,兵庫県神戸市中央区北長狭通2-2-11,,5414822678314754,05/22,576907915300,藤井 雄司(35)
佐々木 敬子,ささき けいこ,Sasaki Keiko,21,2000年04月13日,女,A,sasakikeiko@example.jp,0845-23-9981,050-7704-0430,722-9099,広島県広島市東区福田3-2-20,株式会社サンコー,375522746084268,07/26,864618186916,佐々木 敬子(21)
進藤 貴則,しんどう たかのり,Shindo Takanori,75,1946年11月07日,男,B,takanorishindo@example.jp,03-7174-8331,080-2139-6431,187-5546,東京都北区東十条2-3-805,,3542338339676143,07/26,652670492750,進藤 貴則(75)
大橋 佳典,おおはし よしのり,Ohashi Yoshinori,58,1963年09月26日,その他・不明,B,ohashiyoshinori@example.ne.jp,0463-48-2953,080-3277-3353,214-6660,神奈川県横浜市港南区港南台2丁目2番8号,有限会社ジュネス,377977030548931,04/23,163461356130,大橋 佳典(58)
西田 伸吾,にしだ しんご,Nishida Shingo,52,1969年10月04日,男,O,nishida104@example.co.jp,0287-07-6080,050-5746-8875,322-1756,栃木県宇都宮市塙田1丁目3番8号,有限会社プラスワン,372917812020837,09/22,241134479997,西田 伸吾(52)
福田 大輔,ふくだ だいすけ,Fukuda Daisuke,73,1948年12月27日,男,A,fukuda1227@example.co.jp,03-9867-0186,070-7515-0713,124-5617,東京都港区白金1丁目2番10号,,3550741249108314,02/26,651019960065,福田 大輔(73)
深川 和隆,ふかがわ かずたか,Fukagawa Kazutaka,42,1979年11月19日,男,B,fukagawa_kazutaka@example.co.jp,0581-30-4802,070-3919-0131,507-6588,岐阜県多治見市喜多町4丁目1番6号,有限会社ワイズコーポレーション,374631642455562,01/25,473191619248,深川 和隆(42)
山本 一弘,やまもと かずひろ,Yamamoto Kazuhiro,63,1958年04月15日,男,B,kazuhiro_yamamoto@example.jp,06-4115-6338,090-2396-7626,585-8299,大阪府大阪市中央区高麗橋3-1-19,,376281036602946,12/23,597693282426,山本 一弘(63)
藤原 美夏,ふじわら みか,Fujiwara Mika,77,1944年11月30日,女,O,fujiwara_1130@example.co.jp,0439-79-9505,090-9352-3904,262-7134,千葉県白井市西白井3-3-3,,371336586168857,01/25,437143244007,藤原 美夏(77)
花岡 芙美子,はなおか ふみこ,Hanaoka Fumiko,51,1970年08月28日,女,B,hanaokafumiko@example.co.jp,03-0798-6860,090-0100-8903,113-1025,東京都立川市錦町2-4-9,株式会社山本,376576971888495,02/22,825714054006,花岡 芙美子(51)
山内 太陽,やまうち たいよう,Yamauchi Taiyo,30,1991年08月30日,男,A,yamauchi_taiyo@example.ne.jp,0250-87-4757,090-6563-3724,943-0647,新潟県新潟市中央区沼垂東3-1-7,,4302274484370539,02/24,749833335732,山内 太陽(30)
内田 雅之,うちだ まさゆき,Uchida Masayuki,45,1976年02月12日,男,A,uchidamasayuki@example.net,0791-49-9963,050-0766-7849,653-8100,兵庫県姫路市辻井2丁目2番地7号,株式会社大誠,3541729197870979,04/23,601813034763,内田 雅之(45)
宮本 啓子,みやもと けいこ,Miyamoto Keiko,36,1985年11月29日,女,B,keikomiyamoto@example.jp,0796-28-8077,050-6981-8616,661-6370,兵庫県神戸市北区星和台1-3-20,株式会社SSC,4684209561155211,09/24,529991237268,宮本 啓子(36)
趙 高幸,ちょう たかゆき,Cho Takayuki,45,1976年12月20日,男,A,takayukicho@example.net,0569-50-1388,090-6900-6745,457-2119,愛知県大府市共和町2丁目1番地9号,有限会社井上工業,375753420412364,04/23,998789258067,趙 高幸(45)
松 翔子,まつ しょうこ,Matsu Shoko,49,1972年05月04日,女,B,matsu54@example.net,0748-51-4057,050-2564-1360,523-0639,滋賀県大津市京町3丁目2番3号,株式会社フォルム,4176823636933454,03/22,378965903014,松 翔子(49)
石塚 花織,いしづか かおり,Ishizuka Kaori,40,1981年01月15日,女,A,ishizukakaori@example.ne.jp,06-5898-2991,090-8427-6788,596-8536,大阪府大阪市中央区南船場3丁目3番6号,株式会社タイセイ,5379389956602790,10/26,786374608766,石塚 花織(40)
山崎 圭一,やまざき けいいち,Yamazaki Keiichi,21,2000年06月29日,その他・不明,AB,yamazaki629@example.com,03-4666-3422,050-7741-2151,205-7602,東京都台東区根岸3-1-9,有限会社ホープ,379657812458289,01/26,160087353815,山崎 圭一(21)
浜田 智雄,はまだ ともお,Hamada Tomoo,34,1987年05月21日,男,A,hamada521@example.co.jp,01635-8-1604,070-6811-7714,007-9870,北海道札幌市手稲区富丘三条2-4-10,株式会社アイコム,5252990575055880,06/25,946377767170,浜田 智雄(34)
飯野 学,いいの まなぶ,Iino Manabu,65,1956年12月16日,男,A,manabuiino@example.com,03-3156-4119,070-0056-0739,110-9527,東京都文京区本駒込3丁目2番4号,,3589627945428657,03/26,158647949129,飯野 学(65)
高橋 まこと,たかはし まこと,Takahashi Makoto,54,1967年10月22日,女,B,makoto_takahashi@example.ne.jp,0944-13-8664,070-2630-3622,867-6972,熊本県熊本市中央区大江2-1-508,有限会社山商,4383294671426706,12/23,997896536936,高橋 まこと(54)
西沢 寛子,にしざわ ひろこ,Nishizawa Hiroko,50,1971年05月17日,女,B,hirokonishizawa@example.ne.jp,0587-98-0107,080-1371-0038,440-9817,愛知県名古屋市南区元柴田東町2丁目3番8号,株式会社ニシムラ,5293774107888401,05/26,968827956656,西沢 寛子(50)
斉藤 幹夫,さいとう みきお,Saito Mikio,67,1954年11月24日,男,AB,saitomikio@example.co.jp,03-0316-7262,080-0970-2082,147-6899,東京都練馬区春日町2丁目2番4号,,5203705685591149,08/22,540337210540,斉藤 幹夫(67)
石黒 敦弘,いしぐろ あつひろ,Ishiguro Atsuhiro,61,1960年05月25日,男,O,ishiguro525@example.ne.jp,0480-60-1485,090-8694-5636,343-4877,埼玉県川口市中青木1丁目3番9号,,371998764900938,01/24,520137740404,石黒 敦弘(61)
有坂 由佳,ありさか ゆか,Arisaka Yuka,36,1985年04月21日,女,A,arisakayuka@example.ne.jp,03-8396-0766,070-3624-9753,134-5372,東京都文京区湯島2丁目1番地3号,株式会社トップ,5155185265757261,10/25,069884358655,有坂 由佳(36)
諸岡 太一,もろおか たいち,Morooka Taichi,31,1990年04月28日,男,B,morooka_428@example.jp,03-5462-9537,070-5890-9909,136-2409,東京都西東京市ひばりが丘北1-1-15,加藤建設株式会社,4553844696513336,04/23,047417889287,諸岡 太一(31)
和田 祐一,わだ ゆういち,Wada Yuichi,36,1985年08月08日,男,B,wadayuichi@example.ne.jp,04-3683-3354,080-9440-8147,266-4125,千葉県船橋市みやぎ台2-5-10,,4524034657454383,05/25,391144867407,和田 祐一(36)
堀田 智紀,ほった とものり,Hotta Tomonori,60,1961年07月30日,男,B,hotta_730@example.ne.jp,0736-94-2676,090-1639-7633,648-8493,和歌山県和歌山市新中通2-5-17,,5509470364814723,04/26,186829761099,堀田 智紀(60)
松村 由紀子,まつむら ゆきこ,Matsumura Yukiko,50,1971年12月01日,女,A,yukikomatsumura@example.co.jp,08396-4-8893,070-5067-9721,747-9620,山口県下関市彦島西山町3丁目2番地8号,有限会社飛翔,4128884111256232,10/25,795874329161,松村 由紀子(50)
三上 和行,みかみ かずゆき,Mikami Kazuyuki,21,2000年10月15日,男,B,kazuyuki_mikami@example.co.jp,03-1106-3429,050-8087-9391,172-1890,東京都葛飾区東新小岩2-1-7,有限会社亀屋,373227539564714,04/24,236990037098,三上 和行(21)
中溝 裕一郎,なかみぞ ゆういちろう,Nakamizo Yuichiro,77,1944年06月16日,男,A,nakamizo616@example.ne.jp,03-8780-2704,050-7851-2578,170-1127,東京都練馬区大泉町3-1-904,,3586512030861835,09/22,237071996433,中溝 裕一郎(77)
西田 聡美,にしだ さとみ,Nishida Satomi,20,2001年04月11日,女,B,nishida_satomi@example.jp,06-2931-5836,090-7466-0394,582-1407,大阪府大阪市東住吉区公園南矢田3丁目2番8号,株式会社デルタ,5279584059032074,03/26,331371185310,西田 聡美(20)
諏訪 律子,すわ りつこ,Suwa Ritsuko,71,1950年09月23日,女,B,ritsukosuwa@example.com,0460-49-0693,090-0449-6140,236-6674,神奈川県横浜市港北区樽町2丁目2番3号,,378031034111350,06/22,219745913328,諏訪 律子(71)
鈴木 裕之,すずき ひろゆき,Suzuki Hiroyuki,26,1995年09月21日,男,B,suzukihiroyuki@example.ne.jp,0155-73-3108,070-1450-8624,008-6758,北海道室蘭市港北町1丁目1番3号,株式会社トーケン,370233042403146,02/26,878202200678,鈴木 裕之(26)
田中 太志,たなか たいし,Tanaka Futoshi,30,1991年07月05日,男,O,futoshitanaka@example.ne.jp,0136-04-2317,080-7242-6402,054-2790,北海道札幌市北区北九条西1-3-904,株式会社スギヤマ,375253462434723,12/26,453456021365,田中 太志(30)
加藤 由佳,かとう ゆか,Kato Yuka,72,1949年08月13日,女,O,kato_yuka@example.ne.jp,076-043-6718,050-1694-2359,920-6478,石川県金沢市粟崎町3-1-18,,4036186680704803,06/22,983593329520,加藤 由佳(72)
中村 直人,なかむら なおと,Nakamura Naoto,72,1949年05月12日,男,B,nakamura512@example.org,079-547-4574,080-7625-5534,661-7661,兵庫県高砂市梅井1丁目3番10号,,4607127391600905,10/23,251668674189,中村 直人(72)
金澤 真知子,かなざわ まちこ,Kanazawa Machiko,62,1959年05月17日,その他・不明,AB,machiko_kanazawa@example.co.jp,093-089-9990,080-5898-4269,808-1797,福岡県北九州市小倉北区魚町1丁目2番5号,,4990633180147516,01/25,222879104834,金澤 真知子(62)
吉田 楓,よしだ ふう,Yoshida Kaede,68,1953年07月12日,女,AB,kaedeyoshida@example.com,03-8042-9898,050-2213-7412,145-5069,東京都目黒区目黒3-4-19,,4535538376026733,01/25,941919712162,吉田 楓(68)
齋藤 麻紀,さいとう まき,Saito Maki,52,1969年09月13日,女,O,makisaito@example.jp,03-6441-4490,080-5099-0975,189-6692,東京都足立区南花畑1-1-1106,有限会社清水商店,371699684909633,05/25,475208275710,齋藤 麻紀(52)
村山 達彦,むらやま たつひこ,Murayama Tatsuhiko,41,1980年12月05日,男,O,tatsuhikomurayama@example.com,03-6288-9934,090-2827-1838,202-2168,東京都葛飾区東新小岩3-4-8,株式会社アローズ,3589655220425650,10/23,525243560409,村山 達彦(41)
藤井 由佳子,ふじい ゆかこ,Fujii Yukako,47,1974年07月05日,女,O,fujii_yukako@example.org,03-3482-2126,090-9815-8189,106-7370,東京都江戸川区松島2-3-18,,5247314439560852,10/26,994583652510,藤井 由佳子(47)
近藤 孝一,こんどう こういち,Kondo Koichi,56,1965年02月21日,男,O,kondo_koichi@example.co.jp,06-6955-9461,080-6780-5412,540-4196,大阪府大東市三箇1丁目3番地9号,株式会社ユーアイ,5115829956181989,12/23,103056930136,近藤 孝一(56)
井澤 弘子,いざわ ひろこ,Izawa Hiroko,65,1956年07月13日,女,A,hiroko_izawa@example.co.jp,01587-0-5412,080-9742-9318,075-0541,北海道札幌市中央区南十三条西3-1-21,,3534868570849249,11/26,649114869240,井澤 弘子(65)
渡辺 正直,わたなべ まさなお,Watanabe Masanao,64,1957年07月06日,男,O,masanaowatanabe@example.net,03-3935-5376,070-2220-8110,156-3544,東京都新宿区西新宿2-1-9,,5312239071414011,04/23,403833004740,渡辺 正直(64)
小早川 昌史,こばやかわ まさし,Kobayakawa Masashi,72,1949年12月02日,男,B,masashi_kobayakawa@example.ne.jp,03-0815-9142,050-2603-6578,144-4786,東京都渋谷区本町3-4-509,,5242140541826260,12/26,407162207124,小早川 昌史(72)
丸井 洋亮,まるい ようすけ,Marui Yosuke,52,1969年12月12日,男,O,yosuke_marui@example.com,03-4999-8327,050-1607-8118,174-5318,東京都府中市白糸台1丁目3番地3号,株式会社アクセル,5496400405785793,09/22,094607251066,丸井 洋亮(52)
安達 直人,あだち なおと,Adachi Naoto,22,1999年08月10日,男,AB,adachi_810@example.ne.jp,0833-74-7786,090-7319-9686,759-3933,山口県下関市梶栗町1-1-11,株式会社藤和,3539383611180328,06/25,448724523944,安達 直人(22)
志田 ひとみ,しだ ひとみ,Shida Hitomi,37,1985年01月08日,女,A,hitomishida@example.net,0948-77-4544,090-0080-3022,809-1642,福岡県福岡市西区小戸4丁目3番7号,,3543342591672161,04/23,916942079820,志田 ひとみ(37)
種村 清香,たねむら さやか,Tanemura Sayaka,36,1985年03月08日,女,A,sayaka_tanemura@example.org,0167-41-1938,070-7567-6028,059-4803,北海道札幌市手稲区富丘二条2-2-805,有限会社ビジネスサポート,372928280737109,10/22,482211330249,種村 清香(36)
白鳥 和紀,しらとり かずき,Shiratori Kazunori,30,1991年09月29日,男,B,kazunorishiratori@example.com,0460-15-5776,070-0204-8330,254-1427,神奈川県横浜市港南区港南台2-2-404,有限会社斉藤製作所,3583253668797297,11/23,167792218778,白鳥 和紀(30)
横田 秀実,よこた ひでみ,Yokota Hidemi,32,1989年05月23日,男,A,hidemi_yokota@example.jp,0790-46-0785,080-6530-4968,663-9571,兵庫県姫路市五軒邸1-2-11,株式会社ヤスダ,5217908900000797,11/22,698499544933,横田 秀実(32)
高橋 大貴,たかはし たいき,Takahashi Daiki,43,1978年09月30日,男,A,daiki_takahashi@example.net,0479-52-1496,050-6140-0777,296-3183,千葉県船橋市本中山1丁目2番地5号,株式会社かがやき,4737914938150582,05/25,144727368967,高橋 大貴(43)
坂井 千恵,さかい ちえ,Sakai Chie,80,1941年08月19日,女,A,sakai_819@example.co.jp,043-012-9101,080-3180-5048,291-3756,千葉県木更津市桜井新町1-4-7,,4876733200902087,08/23,287927015282,坂井 千恵(80)
田中 悟,たなか さとる,Tanaka Satoru,75,1946年02月23日,男,O,tanakasatoru@example.jp,0826-15-7327,070-9547-9804,729-6378,広島県三次市十日市東1丁目3番地7号,,4824810512115245,08/25,513842366132,田中 悟(75)
山本 由香里,やまもと ゆかり,Yamamoto Yukari,44,1977年12月17日,女,O,yamamoto_1217@example.org,0228-97-5957,080-2368-3840,984-1020,宮城県仙台市太白区緑ケ丘3-3-16,株式会社ファイブ,5189024437502729,02/22,091274501591,山本 由香里(44)
西田 真由美,にしだ まゆみ,Nishida Mayumi,53,1968年09月15日,女,A,nishidamayumi@example.org,03-4849-8623,050-4680-2130,130-5413,東京都中央区月島2-2-16,株式会社ダイトー,377768408968144,07/25,246004995650,西田 真由美(53)
栗田 梨沙,くりた りさ,Kurita Risa,22,1999年10月13日,女,O,kurita_risa@example.net,0125-76-3436,050-1775-4681,098-0695,北海道帯広市西八条南2-3-209,有限会社山一,4592054149775127,01/24,345242814883,栗田 梨沙(22)
吉川 亮輔,よしかわ りょうすけ,Yoshikawa Ryosuke,32,1989年06月20日,男,B,ryosukeyoshikawa@example.ne.jp,0438-27-6587,080-8849-0936,290-3605,千葉県流山市南流山3丁目2番10号,株式会社フォーチュン,3578792086070651,09/26,695582129167,吉川 亮輔(32)
高木 修也,たかぎ しゅうや,Takagi Shuya,26,1995年01月18日,男,AB,takagi_118@example.jp,0178-82-8562,050-1100-1318,036-5722,青森県弘前市大字藤代2-1-12,株式会社ライフスタイル,3531681258902666,05/26,146448385900,高木 修也(26)
平山 智隆,ひらやま ともたか,Hirayama Tomotaka,74,1947年06月20日,男,B,tomotakahirayama@example.com,0194-10-2801,090-3502-6176,026-7105,岩手県盛岡市本宮3丁目1番9号,,3528588628967235,07/25,288315531121,平山 智隆(74)
山崎 達也,やまざき たつや,Yamazaki Tatsuya,72,1949年09月11日,男,AB,tatsuya_yamazaki@example.jp,06-5432-6067,080-8009-5383,560-8470,大阪府大阪市住吉区長居東3-5-8,,4784101846205292,04/26,133904534838,山崎 達也(72)
西川 明子,にしかわ あきこ,Nishikawa Akiko,26,1995年10月16日,女,A,nishikawaakiko@example.org,0493-08-0802,050-3511-1240,367-7776,埼玉県志木市上宗岡3丁目2番6号,株式会社ショウエイ,5164168368579559,10/26,845365820511,西川 明子(26)
神尾 正一,かみお しょういち,Kamio Shoichi,36,1985年02月24日,男,B,kamio_shoichi@example.jp,0294-69-8170,050-7171-2710,309-6140,茨城県古河市東本町1丁目1番5号,有限会社東栄,5450134705168210,11/23,977292140952,神尾 正一(36)
牛尾 千賀,うしお ちか,Ushio Chika,50,1971年12月23日,女,A,ushiochika@example.com,0776-91-6123,080-1725-6405,914-9390,福井県福井市松本2-5-14,有限会社福田商事,3534585129210596,10/22,931175414464,牛尾 千賀(50)
加藤 美奈子,かとう みなこ,Kato Minako,60,1961年09月02日,女,O,minako_kato@example.ne.jp,0166-44-5974,070-0202-7974,051-1183,北海道札幌市清田区平岡五条2丁目2番地5号,,5346618924376917,10/26,461761723720,加藤 美奈子(60)
田中 里奈,たなか りな,Tanaka Rina,73,1948年09月07日,女,O,tanaka_97@example.com,03-1892-1064,070-4622-4263,188-8442,東京都港区新橋1丁目2番5号,,5566696531499937,05/22,665970654161,田中 里奈(73)
二ノ宮 唯,にのみや ゆい,Ninomiya Yui,71,1950年10月19日,女,A,ninomiya1019@example.net,03-1335-5374,090-8066-1855,182-4789,東京都墨田区立花2-1-11,,4359599879735389,07/25,031830144610,二ノ宮 唯(71)
小澤 康貴,おざわ やすたか,Ozawa Yasutaka,20,2001年04月14日,男,A,yasutakaozawa@example.ne.jp,0460-01-6135,050-8817-4316,250-7907,神奈川県横浜市神奈川区神大寺1丁目3番地10号,株式会社シバタ,370198201127499,01/26,183067452728,小澤 康貴(20)
山崎 玲子,やまざき れいこ,Yamazaki Reiko,44,1977年05月24日,女,O,reikoyamazaki@example.com,0835-27-0717,090-9335-5204,759-6505,山口県岩国市御庄2-1-9,有限会社タカノ,5228930020392380,05/23,818513096618,山崎 玲子(44)
細野 亮吾,ほその りょうご,Hosono Ryogo,33,1988年09月27日,男,A,hosono927@example.co.jp,0948-11-2736,090-0028-8648,802-2095,福岡県福岡市南区横手4丁目1番地4号,有限会社プレステージ,5104926149818650,05/25,298127985501,細野 亮吾(33)
森 春香,もり はるか,Mori Haruka,72,1949年02月17日,女,B,haruka_mori@example.jp,03-7009-7578,080-2236-8040,168-1375,東京都江戸川区東葛西2-4-103,,4676373882491745,08/24,283161908640,森 春香(72)
吉田 大貴,よしだ たいき,Yoshida Daiki,49,1972年11月09日,男,A,daiki_yoshida@example.com,03-8569-0033,050-4680-5203,153-7436,東京都港区南青山3丁目3番4号,富士商事株式会社,4691952400972194,02/22,911318523978,吉田 大貴(49)
長谷川 聡子,はせがわ さとこ,Hasegawa Satoko,45,1976年07月27日,女,AB,hasegawa_727@example.jp,03-4544-8769,090-3040-5204,147-1772,東京都武蔵野市吉祥寺本町2-5-16,共栄商事株式会社,5188982434794295,07/22,834010810181,長谷川 聡子(45)
芦田 文彦,あしだ ふみひこ,Ashida Fumihiko,43,1978年10月31日,男,O,fumihiko_ashida@example.com,0562-83-6354,080-9500-4259,449-1584,愛知県春日井市白山町3丁目2番8号,株式会社セントラル,377416184926924,10/22,649052159004,芦田 文彦(43)
長谷川 真,はせがわ まこと,Hasegawa Makoto,39,1982年03月10日,男,O,hasegawa_makoto@example.org,0930-74-5599,080-0425-0780,835-4643,福岡県糟屋郡粕屋町花ヶ浦1丁目3番3号,株式会社ダイケン,371660746265737,09/24,635272738160,長谷川 真(39)
吉澤 沙織,よしざわ さおり,Yoshizawa Saori,75,1946年04月03日,女,A,yoshizawa_saori@example.net,03-6414-9669,050-2802-9284,176-3306,東京都品川区中延2-4-14,,5347309815457763,07/26,242086417638,吉澤 沙織(75)
山崎 竜二,やまざき りゅうじ,Yamazaki Ryuji,46,1975年01月28日,男,A,yamazaki_128@example.jp,03-2549-3298,070-8516-4711,208-7030,東京都足立区江北1-3-21,ワイズ株式会社,372033914180626,07/22,082358066956,山崎 竜二(46)
松本 美香子,まつもと みかこ,Matsumoto Mikako,76,1945年06月02日,女,A,matsumotomikako@example.jp,0467-67-9433,090-2373-1109,239-0263,神奈川県横浜市泉区中田南1-5-19,,5223135212387546,03/22,785658001083,松本 美香子(76)
秋本 桂子,あきもと けいこ,Akimoto Keiko,77,1944年01月16日,女,O,keikoakimoto@example.jp,03-1715-9259,070-9846-4737,201-7170,東京都昭島市昭和町2-5-14,,5454627232454264,12/25,170310839968,秋本 桂子(77)
奥 卓也,おく たくや,Oku Takuya,25,1996年04月13日,男,A,oku413@example.ne.jp,03-4922-9339,070-2406-4590,127-9542,東京都新宿区新宿2-5-20,有限会社たんぽぽ,5517008119422218,03/22,398270806876,奥 卓也(25)
近藤 慎也,こんどう しんや,Kondo Shinya,60,1961年02月04日,男,B,kondo_24@example.co.jp,03-9783-4615,050-9619-8925,143-7657,東京都町田市つくし野2-4-5,,5533025373188665,11/25,141880912910,近藤 慎也(60)
大井 卓,おおい すぐる,Oi Taku,31,1990年10月29日,男,A,oitaku@example.ne.jp,03-3636-5230,050-7215-3686,108-3160,東京都千代田区飯田橋3-2-907,,376587638228892,09/25,539840518120,大井 卓(31)
南 祥代,みなみ さちよ,Minami Sachiyo,39,1982年03月18日,女,A,minami318@example.org,03-8190-5423,070-3584-3116,112-2966,東京都千代田区外神田3丁目3番3号,,3569718134908767,07/23,567892673870,南 祥代(39)
坪田 和之,つぼた かずゆき,Tsubota Kazuyuki,58,1963年04月29日,男,O,tsubota429@example.com,011-201-0461,090-5524-1680,061-4272,北海道札幌市白石区北郷八条3-4-4,有限会社わかば,3557673235042442,04/24,297750448839,坪田 和之(58)
柿崎 信一,かきざき しんいち,Kakizaki Shinichi,74,1947年10月05日,男,A,kakizaki_shinichi@example.jp,03-2119-0121,080-2402-8850,163-1504,東京都中野区沼袋3丁目2番9号,,379035247233009,08/25,101566128218,柿崎 信一(74)
山梨 翔太,やまなし しょうた,Yamanashi Shota,55,1966年03月01日,男,A,yamanashi_shota@example.net,03-0190-1516,050-5271-7722,118-6571,東京都台東区千束2-1-706,有限会社サンコー,5167647200389001,02/23,121806810365,山梨 翔太(55)
篠原 鮎美,しのはら あゆみ,Shinohara Ayumi,38,1983年03月24日,女,B,shinohara_324@example.co.jp,0566-41-5765,050-5864-8372,440-6246,愛知県名古屋市中区大須3-3-14,有限会社エムケイ企画,4597965896726630,11/23,061051905066,篠原 鮎美(38)
藤井 洋子,ふじい ようこ,Fujii Yoko,26,1995年04月02日,女,A,fujiiyoko@example.co.jp,06-5519-7609,070-7574-9831,593-2971,大阪府大阪市生野区巽北3-4-16,有限会社ハヤシ,4964410034518966,09/25,280808685712,藤井 洋子(26)
大橋 雪子,おおはし ゆきこ,Ohashi Yukiko,51,1970年08月27日,女,A,ohashiyukiko@example.ne.jp,03-2415-6877,070-9198-4544,161-9408,東京都目黒区上目黒2丁目2番5号,,376300168292076,09/26,617146737436,大橋 雪子(51)
大橋 育子,おおはし いくこ,Ohashi Ikuko,43,1978年10月19日,女,AB,ikukoohashi@example.com,03-3563-6194,050-8945-1271,139-6353,東京都杉並区成田東3丁目3番地6号,有限会社テイクワン,4623672114547461,04/25,515371424903,大橋 育子(43)
井本 隆,いもと たかし,Imoto Takashi,69,1952年02月07日,男,A,takashi_imoto@example.jp,03-9771-5324,050-3688-0227,188-5126,東京都武蔵野市吉祥寺北町3-1-4,,376676196301256,11/24,867995682250,井本 隆(69)
木村 智,きむら とも,Kimura Satoshi,31,1990年03月02日,男,A,kimurasatoshi@example.org,06-0987-7523,050-9461-5531,540-1033,大阪府八尾市田井中4丁目3番7号,有限会社アーバン,4274809814293754,09/26,988004230618,木村 智(31)
山田 あやこ,やまだ あやこ,Yamada Ayako,80,1941年11月06日,女,B,yamada_116@example.co.jp,0460-49-3352,090-7417-7858,219-8115,神奈川県相模原市中央区相生3丁目1番地9号,,4415573916819920,07/22,235353243559,山田 あやこ(80)
西山 拓也,にしやま たくや,Nishiyama Takuya,61,1960年08月20日,男,O,nishiyama_820@example.com,092-086-5715,050-9793-1730,803-0983,福岡県春日市春日原南町3丁目2番7号,,3570910141210793,08/25,410360866681,西山 拓也(61)
長洲 修介,ながす しゅうすけ,Nagasu Shusuke,20,2001年02月23日,男,B,shusukenagasu@example.co.jp,03-4447-0407,050-1701-6350,135-4338,東京都墨田区太平4丁目2番地8号,株式会社ハイテック,4798581591211393,01/24,071282537413,長洲 修介(20)
杉内 真由美,すぎうち まゆみ,Sugiuchi Mayumi,75,1946年10月26日,女,A,sugiuchi1026@example.ne.jp,03-5021-5198,050-9560-3841,144-1425,東京都目黒区上目黒2丁目3番6号,,4357890400855891,06/25,959251332474,杉内 真由美(75)
坂下 剛,さかした つよし,Sakashita Tsuyoshi,52,1969年06月17日,男,AB,sakashita_617@example.com,0983-77-5118,090-8196-2453,889-5388,宮崎県宮崎市恒久3-4-22,株式会社共進,379048529766752,01/26,756838504458,坂下 剛(52)
金子 和代,かねこ かずよ,Kaneko Kazuyo,69,1952年03月30日,女,A,kaneko330@example.org,0493-17-8492,080-7881-6800,337-8791,埼玉県志木市幸町3丁目3番4号,,376010160526377,05/23,737787782313,金子 和代(69)
伊藤 一成,いとう いっせい,Ito Kazunari,71,1950年01月26日,男,B,ito_126@example.co.jp,06-5787-6309,070-9703-8706,533-4357,大阪府大阪市鶴見区横堤1-4-11,,5445947342262825,12/22,270662601290,伊藤 一成(71)
渡辺 紫織,わたなべ しおり,Watanabe Shiori,70,1951年10月10日,女,A,watanabeshiori@example.org,0172-46-2836,090-9771-9328,032-1571,青森県八戸市江陽2-1-22,,379681006958862,04/24,778526622929,渡辺 紫織(70)
小島 聡,こじま あきら,Kojima Satoshi,53,1968年06月01日,男,O,kojima_satoshi@example.com,0569-21-7885,050-7438-4722,454-5867,愛知県一宮市三ツ井3丁目1番4号,株式会社オーパス,4949102193733276,08/26,253770194658,小島 聡(53)
今泉 香織,いまいずみ かおり,Imaizumi Kaori,73,1948年09月06日,女,A,imaizumi_kaori@example.net,0240-80-9065,070-1010-6892,968-2924,福島県郡山市安積2-5-506,,4105714814580546,09/24,282818474640,今泉 香織(73)
中村 大,なかむら だい,Nakamura Dai,28,1993年05月23日,男,B,dai_nakamura@example.ne.jp,03-5857-4157,050-6679-4439,129-0478,東京都新宿区高田馬場1丁目3番6号,株式会社三陽,3561316938661357,06/23,273512724031,中村 大(28)
室田 智博,むろた ともひろ,Murota Tomohiro,43,1978年03月24日,男,B,murotatomohiro@example.ne.jp,0948-84-9516,050-3080-2349,836-1875,福岡県北九州市八幡西区星ケ丘2丁目1番8号,株式会社田中,5253038635412896,08/23,557521334236,室田 智博(43)
池田 真一,いけだ しんいち,Ikeda Shinichi,34,1987年11月19日,男,A,shinichiikeda@example.ne.jp,06-8537-1746,080-8271-0798,534-3231,大阪府大阪市旭区清水1-4-502,株式会社朝日,4204105163793899,04/23,077721020340,池田 真一(34)
高畑 孝道,たかはた たかみち,Takahata Takamichi,32,1989年10月02日,男,A,takahata_takamichi@example.net,03-3394-9802,070-4925-8386,141-7585,東京都北区西ケ原2-2-17,株式会社ショウエイ,370279767341987,08/23,825489072610,高畑 孝道(32)
伊藤 翔子,いとう しょうこ,Ito Shoko,71,1950年09月16日,女,O,ito916@example.org,0799-27-8452,070-1390-4435,679-7523,兵庫県神戸市中央区元町通1-3-9,,374025276341695,07/22,481760454794,伊藤 翔子(71)
木下 和昌,きのした かずまさ,Kinoshita Kazumasa,46,1975年12月25日,男,O,kinoshita_kazumasa@example.jp,0883-08-5157,050-5523-6843,775-3225,徳島県徳島市西船場町3-1-9,株式会社サンワールド,4535476179051253,10/25,596882610292,木下 和昌(46)
中田 峻,なかた しゅん,Nakata Shun,51,1970年02月14日,男,O,nakata_shun@example.org,0565-63-7650,050-2101-4117,495-2932,愛知県豊田市竹生町1-5-1109,,5577492685799760,12/23,042432485077,中田 峻(51)
姫野 保子,ひめの やすこ,Himeno Yasuko,72,1949年03月27日,女,A,himeno327@example.co.jp,0134-89-6894,070-9834-5769,061-1907,北海道札幌市中央区大通西2-3-15,,379287295722272,02/25,730950321294,姫野 保子(72)
末光 信,すえみつ しん,Suemitsu Makoto,29,1992年07月10日,男,A,suemitsumakoto@example.org,0948-87-5459,050-8771-4498,804-3673,福岡県北九州市小倉南区朽網西4丁目1番8号,株式会社プラウド,373994232769227,01/24,858780040828,末光 信(29)
櫻井 有花,さくらい ゆか,Sakurai Yuka,73,1948年03月10日,女,O,sakurai_310@example.org,0531-54-9053,050-5505-4496,464-7555,愛知県名古屋市西区上名古屋1-1-11,,5162975647096953,06/23,039705121897,櫻井 有花(73)
佐藤 文人,さとう ふみひと,Sato Fumito,30,1991年03月14日,男,A,fumitosato@example.com,03-6718-6927,090-2027-4886,124-8692,東京都世田谷区松原2-3-19,大成商事株式会社,4851167602128331,02/22,463547609360,佐藤 文人(30)
加藤 寛明,かとう ひろあき,Kato Hiroaki,55,1966年07月28日,男,O,hiroakikato@example.org,042-382-0374,090-6375-9098,335-3395,埼玉県さいたま市南区根岸3丁目3番4号,株式会社イシカワ,3547898854664464,10/25,921418978625,加藤 寛明(55)
関矢 陽介,せきや ようすけ,Sekiya Yosuke,29,1992年11月08日,男,AB,sekiyayosuke@example.jp,06-9898-2689,070-2949-1276,564-7835,大阪府大阪市中央区南船場2-2-605,株式会社ダイテック,378104030772697,05/24,367579888785,関矢 陽介(29)
星山 佐紀子,ほしやま さきこ,Hoshiyama Sakiko,76,1945年10月15日,女,A,hoshiyamasakiko@example.ne.jp,03-8410-0353,050-1761-2002,121-1770,東京都荒川区東日暮里2丁目1番地8号,,4885733957789470,05/22,733637867544,星山 佐紀子(76)
早乙女 早希,さおとめ さき,Saotome Saki,22,1999年02月28日,女,A,saki_saotome@example.org,0460-89-3867,080-1723-8786,224-6663,神奈川県横浜市青葉区美しが丘2-4-14,有限会社山正,372645102789239,01/24,070736799470,早乙女 早希(22)
佐藤 義人,さとう よしと,Sato Yoshito,57,1964年02月17日,男,B,sato217@example.com,03-2174-6533,090-2110-9169,202-8184,東京都西東京市ひばりが丘北2-4-1109,有限会社アイズ,5234849324702106,09/26,531998667165,佐藤 義人(57)
伊藤 敬,いとう たかし,Ito Takashi,77,1944年02月27日,男,O,ito_227@example.net,0224-08-0811,090-4365-7470,988-5287,宮城県仙台市太白区郡山1-4-11,,378333269373790,01/27,739118271713,伊藤 敬(77)
越川 亮介,こしかわ りょうすけ,Koshikawa Ryosuke,69,1952年01月15日,男,O,ryosuke_koshikawa@example.com,03-4748-5510,080-1392-3562,203-0706,東京都大田区仲六郷1-4-4,,5548857143693266,08/25,223621433384,越川 亮介(69)
高田 恵梨子,たかだ えりこ,Takada Eriko,50,1971年11月18日,女,A,takadaeriko@example.ne.jp,03-0568-6003,050-2493-1695,112-7302,東京都中央区八丁堀3丁目1番地8号,株式会社GEN,378665727473807,06/22,441217735676,高田 恵梨子(50)
桑田 貴大,くわた たかひろ,Kuwata Takahiro,78,1943年12月31日,男,B,kuwata_takahiro@example.ne.jp,06-4990-5025,070-5441-8651,553-8153,大阪府豊中市中桜塚2-4-10,,3541152964284003,09/26,997435547022,桑田 貴大(78)
高木 優衣,たかぎ ゆい,Takagi Yui,72,1949年02月24日,女,O,yuitakagi@example.jp,03-7326-9160,050-1786-6687,133-0046,東京都江戸川区鹿骨3丁目1番6号,,5132163319047698,11/24,621717995141,高木 優衣(72)
小森 信之,こもり のぶゆき,Komori Nobuyuki,62,1959年12月05日,男,A,nobuyukikomori@example.com,03-2549-6722,090-1501-5908,140-7021,東京都江東区亀戸2丁目3番9号,,379412059036814,07/23,485170003504,小森 信之(62)
梶田 慎治,かじた しんじ,Kajita Shinji,49,1972年07月06日,男,O,kajita_76@example.com,03-9127-4635,070-1221-5485,193-0375,東京都港区六本木1-1-22,株式会社小林工務店,377724963253695,09/23,727585445417,梶田 慎治(49)
松岡 重夫,まつおか しげお,Matsuoka Shigeo,76,1945年11月14日,男,O,shigeo_matsuoka@example.com,0162-74-7310,070-7749-7628,040-7241,北海道札幌市豊平区美園七条3-4-107,,4213687126858025,10/23,568692860124,松岡 重夫(76)
寺田 雅彦,てらだ まさひこ,Terada Masahiko,52,1969年02月12日,男,A,masahiko_terada@example.jp,03-9744-8803,070-5804-5209,200-0626,東京都中野区東中野3-3-5,有限会社トライ,371224103179716,10/26,167773887960,寺田 雅彦(52)
舘野 陽子,たての ようこ,Tateno Yoko,32,1989年03月16日,女,O,yokotateno@example.ne.jp,0536-39-3776,080-6064-0915,450-9583,愛知県名古屋市名東区梅森坂2丁目3番地8号,株式会社リブレ,5325162381508972,09/26,014745710620,舘野 陽子(32)
小野 司,おの つかさ,Ono Tsukasa,58,1963年10月01日,男,O,tsukasaono@example.ne.jp,03-1550-4365,080-3843-2812,162-0362,東京都渋谷区恵比寿2-3-18,株式会社フォーサイト,372565409823855,11/26,967524802110,小野 司(58)
南 龍太,みなみ りょうた,Minami Ryuta,41,1980年07月21日,男,O,ryuta_minami@example.com,0798-36-8128,090-6307-1493,678-0365,兵庫県神戸市垂水区つつじが丘1-1-5,株式会社シンプル,4384376272185820,06/26,388383958707,南 龍太(41)
成田 亜希子,なりた あきこ,Narita Akiko,62,1959年08月30日,女,A,narita_830@example.com,03-4835-8563,050-0797-1897,104-4891,東京都渋谷区恵比寿1丁目3番8号,,5172452095502823,11/22,422933109269,成田 亜希子(62)
川口 純,かわぐち あや,Kawaguchi Jun,69,1952年02月02日,男,A,kawaguchi22@example.jp,0564-17-8250,050-7840-3317,493-3376,愛知県名古屋市中区栄2-5-201,,4955187616603637,06/25,000476427916,川口 純(69)
堀田 由美子,ほった ゆみこ,Hotta Yumiko,37,1984年10月20日,女,O,hottayumiko@example.com,0946-25-8833,090-4897-9362,807-2853,福岡県福岡市城南区片江1丁目3番4号,有限会社エスポワール,4470129935410365,02/26,310932079290,堀田 由美子(37)
池田 真奈美,いけだ まなみ,Ikeda Manami,30,1991年04月12日,女,B,manami_ikeda@example.jp,03-7365-1994,050-1511-2606,146-9651,東京都江戸川区北葛西4丁目3番3号,株式会社エム企画,378800900857357,03/23,075318872740,池田 真奈美(30)
古賀 隆志,こが たかし,Koga Takashi,71,1950年05月14日,男,A,koga_takashi@example.jp,0288-53-7473,050-3036-6235,329-2215,栃木県真岡市並木町4丁目2番地9号,,4661338907585091,01/24,992695217598,古賀 隆志(71)
宮崎 瑞季,みやざき みずき,Miyazaki Mizuki,72,1949年09月08日,その他・不明,A,miyazaki_98@example.jp,01372-1-2931,050-1027-7548,085-8963,北海道小樽市入船2丁目2番地5号,,5410955593170523,01/25,576937196724,宮崎 瑞季(72)
村岡 洋,むらおか ひろし,Muraoka Hiroshi,46,1975年09月07日,その他・不明,O,muraoka97@example.co.jp,0768-25-8881,070-5039-3551,923-1622,石川県金沢市四十万3-2-21,有限会社阿部製作所,376935052219865,02/26,934944477503,村岡 洋(46)
池田 剛,いけだ つよし,Ikeda Tsuyoshi,25,1996年05月31日,男,O,ikeda531@example.jp,06-6985-7267,070-5569-4771,551-8613,大阪府豊中市庄内栄町4丁目3番4号,有限会社吉田工務店,3541622955447314,06/22,885034761037,池田 剛(25)
鈴木 真理子,すずき まりこ,Suzuki Mariko,35,1986年09月16日,女,B,marikosuzuki@example.ne.jp,08477-7-2417,080-2234-1503,729-0016,広島県福山市新涯町3-3-905,有限会社伊藤建設,373610081397619,06/23,995866067394,鈴木 真理子(35)
武藤 陽介,むとう ようすけ,Muto Yosuke,26,1995年07月28日,男,A,muto_728@example.jp,0949-03-4503,050-7282-2100,835-3408,福岡県福岡市中央区薬院1丁目2番7号,株式会社三和商会,4055907045223536,12/23,618182496336,武藤 陽介(26)
鈴木 知実,すずき ともみ,Suzuki Tomomi,47,1974年01月28日,女,A,tomomisuzuki@example.jp,03-2654-3537,070-9589-7711,117-1174,東京都品川区大崎1丁目1番7号,株式会社インパクト,3570390600318249,04/26,971449577618,鈴木 知実(47)
冨田 由香,とみた ゆか,Tomita Yuka,66,1955年03月10日,女,A,tomita310@example.jp,0853-63-8091,050-5684-7093,699-9897,島根県松江市上乃木1-1-22,,376310189157349,07/25,766937737125,冨田 由香(66)
山口 晴彦,やまぐち はるひこ,Yamaguchi Haruhiko,69,1952年10月14日,男,B,haruhiko_yamaguchi@example.org,0745-95-8781,050-8369-5788,637-5951,奈良県橿原市内膳町2-2-8,,3558524208731876,01/24,106458389430,山口 晴彦(69)
仲田 久美,なかた くみ,Nakata Kumi,33,1988年05月07日,女,A,kuminakata@example.jp,0466-08-3537,070-6655-1081,217-6218,神奈川県相模原市緑区橋本2-2-6,株式会社いろは,376936975954679,11/22,863188729493,仲田 久美(33)
中川 幸太,なかがわ こうた,Nakagawa Kota,72,1949年05月30日,男,A,nakagawa_530@example.jp,0438-55-4896,090-1634-2918,279-8532,千葉県市原市五井西3丁目2番地6号,,370267225664611,10/24,720306837934,中川 幸太(72)
高崎 雄介,たかさき ゆうすけ,Takasaki Yusuke,36,1985年04月04日,男,B,yusuketakasaki@example.com,03-6588-1332,050-3822-4634,129-4754,東京都世田谷区砧1-3-8,株式会社マイルストーン,3562064502093008,11/24,011786297259,高崎 雄介(36)
益田 純也,ますだ じゅんや,Masuda Junya,56,1965年02月03日,男,O,masuda23@example.com,05769-8-8436,080-0341-3001,506-5254,岐阜県羽島郡岐南町徳田西1-5-22,エース株式会社,371691787072492,06/22,934101623230,益田 純也(56)
小川 昌義,おがわ まさよし,Ogawa Masayoshi,80,1941年06月01日,男,A,ogawamasayoshi@example.jp,0463-52-1968,050-8376-8527,236-2455,神奈川県横浜市緑区東本郷1-4-1006,,4818425432719246,08/22,558956277486,小川 昌義(80)
田中 圭佑,たなか けいすけ,Tanaka Keisuke,33,1988年07月29日,男,O,tanakakeisuke@example.com,03-3501-5513,050-7914-6228,105-8017,東京都足立区西新井1丁目1番9号,株式会社センス,4948984769987811,04/22,575247020287,田中 圭佑(33)
橋本 勝利,はしもと かつとし,Hashimoto Katsutoshi,36,1985年04月12日,男,A,katsutoshihashimoto@example.ne.jp,0465-51-0574,070-7306-3770,237-5769,神奈川県横浜市瀬谷区阿久和西1-1-3,有限会社アート,3528900872421548,05/26,209466843535,橋本 勝利(36)
佐々木 慶一郎,ささき けいいちろう,Sasaki Keiichiro,55,1966年04月17日,男,B,sasaki417@example.jp,0258-16-3180,070-5219-5268,959-0338,新潟県妙高市栗原3-4-907,有限会社プロテック,5512867281189698,01/22,830454042665,佐々木 慶一郎(55)
北島 太輔,きたじま たすけ,Kitajima Daisuke,46,1975年06月23日,その他・不明,A,kitajima_daisuke@example.com,03-9429-5535,090-7540-7700,167-1047,東京都杉並区高井戸東3-4-20,株式会社スペック,3574671200788675,07/24,260718874388,北島 太輔(46)
中尾 典子,なかお のりこ,Nakao Noriko,75,1946年04月05日,女,O,nakao_noriko@example.org,0799-15-4547,090-1422-1087,661-6332,兵庫県神戸市中央区港島2-3-101,,5532328630467406,06/25,012804355454,中尾 典子(75)
中島 幸弘,なかじま ゆきひろ,Nakajima Yukihiro,55,1966年12月17日,男,O,yukihiro_nakajima@example.org,0146-98-7368,070-0884-0236,000-2612,北海道夕張市本町1丁目1番地7号,株式会社小林工務店,377449555913437,12/23,439059884982,中島 幸弘(55)
宮城 一樹,みやぎ かずき,Miyagi Kazuki,69,1952年10月21日,男,A,kazukimiyagi@example.org,03-0193-9953,050-5514-0045,176-3732,東京都港区南青山2丁目2番6号,,4752654021902966,04/23,737181834644,宮城 一樹(69)
吉村 慶一,よしむら けいいち,Yoshimura Keiichi,45,1976年11月04日,男,A,keiichiyoshimura@example.org,0470-04-9385,090-4972-9563,260-0320,千葉県佐倉市宮ノ台1-4-11,,378351804574672,09/26,171543215030,吉村 慶一(45)
高橋 優,たかはし ゆう,Takahashi Yu,24,1998年01月03日,男,A,takahashi13@example.jp,03-4260-4080,050-2245-7167,172-1353,東京都墨田区両国2丁目1番地6号,有限会社秋山商店,3530804004470223,02/24,067148805323,高橋 優(24)
小島 和,こじま かず,Kojima Kazu,33,1988年09月12日,男,A,kazukojima@example.com,01397-8-2389,070-6547-3395,008-2802,北海道帯広市西八条南2-3-209,株式会社カワシマ,3569948441579197,12/22,294726651217,小島 和(33)
木村 大吾,きむら だいご,Kimura Daigo,68,1953年09月29日,男,O,daigokimura@example.jp,0946-07-1685,080-4367-9365,831-8210,福岡県久留米市南3丁目3番6号,,5504643994170980,04/23,515181616199,木村 大吾(68)
森田 大揮,もりた ひろき,Morita Daiki,26,1995年12月23日,男,A,moritadaiki@example.jp,0439-77-8189,080-6653-4134,281-0843,千葉県船橋市西船3-3-16,株式会社エクセル,5218649644300650,12/24,547421828139,森田 大揮(26)
早坂 泰子,はやさか やすこ,Hayasaka Yasuko,34,1987年03月06日,女,A,yasukohayasaka@example.com,06-7162-9247,070-1663-2281,574-3141,大阪府吹田市原町4丁目3番10号,株式会社ゴールド,3550114729089091,08/25,482751907243,早坂 泰子(34)
伊藤 章,いとう あきら,Ito Akira,69,1952年09月09日,男,A,itoakira@example.jp,048-261-4083,070-6525-1883,358-0774,埼玉県さいたま市浦和区上木崎2-3-22,,5317138414125919,06/25,508364172501,伊藤 章(69)
石塚 健一,いしづか けんいち,Ishizuka Kenichi,60,1961年08月30日,男,O,ishizukakenichi@example.net,0478-48-3302,080-3266-5973,265-3873,千葉県千葉市花見川区花園1-2-4,,3571166843243884,01/22,668166638560,石塚 健一(60)
福崎 久,ふくざき ひさし,Fukuzaki Hisashi,69,1952年07月11日,男,O,hisashi_fukuzaki@example.com,03-7391-3055,050-3568-3238,139-6942,東京都江戸川区中葛西1-1-6,,4014938959874394,07/26,258062021168,福崎 久(69)
田中 進,たなか すすむ,Tanaka Susumu,74,1947年10月12日,男,A,tanakasusumu@example.com,0478-45-8956,050-0656-2360,293-4160,千葉県八千代市ゆりのき台1-1-11,,3589366294112238,10/23,069293020868,田中 進(74)
小坂 健輔,こさか けんすけ,Kosaka Kensuke,53,1968年06月26日,男,O,kosaka_kensuke@example.org,03-6283-6169,090-8376-0521,152-0529,東京都千代田区麹町1丁目3番3号,有限会社藤商,3568296415314675,05/26,644388476553,小坂 健輔(53)
服部 弘也,はっとり ひろや,Hattori Hiroya,21,2000年04月01日,男,A,hiroya_hattori@example.jp,0178-19-7902,080-2953-6356,035-1717,青森県青森市浪館前田3丁目2番9号,株式会社フェリーチェ,4447594955105601,10/22,753776186340,服部 弘也(21)
伊藤 哲,いとう さとし,Ito Satoshi,34,1987年01月23日,男,A,satoshiito@example.co.jp,03-1125-6102,080-3542-6299,184-1257,東京都新宿区新宿1丁目2番6号,,3578728199110109,09/23,362381319406,伊藤 哲(34)
稲垣 真一,いながき しんいち,Inagaki Shinichi,71,1950年03月19日,男,A,shinichi_inagaki@example.co.jp,01547-0-4985,090-7204-5038,062-4777,北海道室蘭市八丁平1-2-102,,370181397048554,11/25,868536285768,稲垣 真一(71)
飯田 康晴,いいだ やすはる,Iida Yasuharu,34,1987年03月21日,男,O,iida_yasuharu@example.co.jp,03-4474-0351,090-4760-4841,170-0918,東京都千代田区飯田橋3-4-6,,3567002648121817,06/22,697477281380,飯田 康晴(34)
中野 智貴,なかの ともき,Nakano Tomoki,72,1949年09月13日,男,A,tomokinakano@example.jp,03-2969-1723,070-4820-8842,141-6301,東京都新宿区新宿3-3-11,,5206847454566394,12/22,206894383299,中野 智貴(72)
坂口 千春,さかぐち ちはる,Sakaguchi Chiharu,50,1971年12月21日,その他・不明,B,sakaguchichiharu@example.com,046-828-1010,080-2393-9267,224-9324,神奈川県厚木市森の里1-5-109,株式会社アサヒ,3560774210654451,06/23,849760708475,坂口 千春(50)
栫 亜紗美,かこい あさみ,Kakoi Asami,54,1967年04月04日,女,A,kakoi44@example.ne.jp,03-6546-7731,070-9474-2841,151-6601,東京都葛飾区四つ木2-4-19,株式会社サニー,3535172924079838,08/26,053061400067,栫 亜紗美(54)
安藤 清隆,あんどう きよたか,Ando Kiyotaka,55,1966年11月13日,男,A,ando1113@example.jp,0191-28-8519,090-4155-4560,020-6624,岩手県盛岡市北松園3-1-3,,4416414447519888,02/24,414841759990,安藤 清隆(55)
石渡 徳和,いしわた のりかず,Ishiwata Norikazu,20,2001年07月15日,男,A,ishiwata715@example.net,0790-74-9967,050-1762-3808,677-6674,兵庫県神戸市長田区若松町2-3-6,有限会社アーク,3567442819827596,07/22,607255334346,石渡 徳和(20)
長谷川 淳,はせがわ じゅん,Hasegawa Jun,57,1964年07月22日,男,O,hasegawa722@example.org,0229-85-2091,050-2593-1182,986-7601,宮城県仙台市若林区南小泉3-5-903,有限会社林工業,4534341329417492,01/24,229557408581,長谷川 淳(57)
斉藤 勝,さいとう まさる,Saito Masaru,29,1992年10月01日,男,O,saito_101@example.ne.jp,03-3697-0287,070-0722-6047,187-3080,東京都渋谷区神宮前2-1-13,株式会社ヤシマ,378191431450742,12/23,687978267853,斉藤 勝(29)
高城 啓二,たかぎ けいじ,Takagi Keiji,55,1966年12月18日,男,O,takagi1218@example.ne.jp,015-233-3526,080-1543-4792,048-7000,北海道札幌市中央区南三条東2-5-16,株式会社フィール,371095040598477,01/23,662776243445,高城 啓二(55)
大橋 美由紀,おおはし みゆき,Ohashi Miyuki,74,1947年10月31日,女,B,ohashi_miyuki@example.jp,03-2953-6985,080-6594-9626,114-2460,東京都中央区八丁堀3丁目1番地8号,,4524938803948140,03/25,658435626659,大橋 美由紀(74)
相良 清治,さがら せいじ,Sagara Seiji,67,1954年05月09日,男,A,sagara_59@example.co.jp,06-9455-7969,070-5379-7663,561-0551,大阪府守口市金田町1-2-15,,4292189504564998,11/25,379319847315,相良 清治(67)
堀内 涼子,ほりうち りょうこ,Horiuchi Ryoko,30,1991年04月21日,女,B,horiuchi_421@example.jp,0183-14-1355,080-2107-5010,016-0433,秋田県湯沢市前森3-3-21,株式会社アイ・コーポレーション,5462787213647409,04/22,069216495969,堀内 涼子(30)
佐藤 健司,さとう けんじ,Sato Kenji,62,1959年04月14日,男,B,sato_kenji@example.com,0470-81-9026,050-8170-4114,279-3348,千葉県柏市松葉町3丁目1番6号,,375742842419651,11/26,256869343379,佐藤 健司(62)
吉村 博子,よしむら ひろこ,Yoshimura Hiroko,62,1959年11月13日,女,O,yoshimura1113@example.net,0495-34-8779,070-8004-2953,365-8805,埼玉県入間市豊岡2丁目2番9号,,3544347246382933,07/23,178960004160,吉村 博子(62)
永田 正也,ながた まさや,Nagata Masaya,77,1944年11月01日,男,A,masaya_nagata@example.jp,06-7246-1028,070-2997-0124,592-6378,大阪府豊中市中桜塚1-3-7,,4748615185156746,01/24,674840998046,永田 正也(77)
大久保 隆幸,おおくぼ たかゆき,Okubo Takayuki,69,1952年02月05日,男,B,okubo_takayuki@example.com,076-221-5542,080-1405-0529,924-2548,石川県金沢市増泉2丁目1番7号,,5403855092633394,07/23,334980483415,大久保 隆幸(69)
中村 里佳,なかむら りか,Nakamura Rika,49,1972年04月28日,女,AB,rikanakamura@example.jp,03-5955-7013,080-7170-3945,159-5469,東京都府中市浅間町1-1-12,有限会社アドヴァンス,4601901254633161,10/25,612795674425,中村 里佳(49)
金谷 信之,かなや のぶゆき,Kanaya Nobuyuki,26,1995年12月30日,男,AB,kanaya_nobuyuki@example.co.jp,03-3384-1391,050-8541-8707,105-9840,東京都足立区西伊興2丁目3番9号,有限会社丸幸,5162994394839564,11/25,426316886008,金谷 信之(26)
石丸 千穂,いしまる ちほ,Ishimaru Chiho,43,1978年11月12日,女,A,chihoishimaru@example.ne.jp,0463-41-6620,050-8323-9573,250-1504,神奈川県横浜市都筑区荏田南3-3-10,株式会社葵,4845997834903815,10/24,773326885362,石丸 千穂(43)
西上 雄一,にしがみ ゆういち,Nishigami Yuichi,76,1945年08月19日,男,B,nishigamiyuichi@example.jp,0587-91-6871,070-2257-1671,489-2166,愛知県瀬戸市品野町3-1-11,,4909962195224287,03/25,359249027055,西上 雄一(76)
荒井 悟史,あらい さとし,Arai Satoshi,54,1967年06月18日,男,O,arai618@example.ne.jp,03-4341-3944,070-0372-2681,202-9160,東京都中央区日本橋本石町2丁目3番5号,株式会社渡辺工業,3579493305872873,07/25,653407260450,荒井 悟史(54)
池浦 憲一,いけうら けんいち,Ikeura Kenichi,75,1946年04月10日,男,B,kenichi_ikeura@example.jp,03-2528-8464,050-8363-3954,203-1705,東京都世田谷区上北沢1-2-22,,372679893499492,08/23,496846269784,池浦 憲一(75)
増田 町子,ますだ まちこ,Masuda Machiko,47,1974年05月03日,その他・不明,A,masuda_machiko@example.net,03-5601-1095,050-8532-0929,109-5803,東京都世田谷区太子堂1-3-7,株式会社伊藤工業,373515589587712,07/23,066645257473,増田 町子(47)
太田 麻友美,おおた まゆみ,Ota Mayumi,28,1993年08月15日,女,A,ota_815@example.org,03-2068-8502,070-3112-5192,141-0795,東京都渋谷区神宮前4丁目1番6号,株式会社山和,3540825465275718,08/23,996341739762,太田 麻友美(28)
佐々木 美里,ささき みさ,Sasaki Misato,40,1981年12月07日,女,O,sasakimisato@example.net,0949-19-8002,080-8345-5581,830-5938,福岡県福岡市博多区諸岡1-4-20,株式会社丸高,5243425301339326,10/26,037976963076,佐々木 美里(40)
大橋 由美,おおはし ゆみ,Ohashi Yumi,21,2000年03月06日,女,B,ohashiyumi@example.co.jp,03-6658-6673,050-8989-7873,154-0326,東京都文京区本郷3-5-15,有限会社渡辺製作所,5144578682760195,02/23,694979619130,大橋 由美(21)
山口 弘枝,やまぐち ひろえ,Yamaguchi Hiroe,23,1998年03月25日,女,O,hiroe_yamaguchi@example.jp,01456-1-0609,080-0301-6121,063-1563,北海道札幌市北区北三十一条西1-4-9,株式会社フェイス,379244225426094,10/22,332857768356,山口 弘枝(23)
松並 大祐,まつなみ だいすけ,Matsunami Daisuke,31,1990年05月04日,男,A,matsunami_daisuke@example.com,0930-93-4201,090-1084-8897,802-7869,福岡県福岡市博多区竹下3丁目1番7号,有限会社マコト,5514925741066894,09/24,211824759457,松並 大祐(31)
平田 伸一,ひらた しんいち,Hirata Shinichi,37,1984年08月02日,男,A,hirata_82@example.co.jp,0495-50-9742,080-1097-1112,368-0354,埼玉県川越市砂新田4丁目1番4号,リンクス株式会社,3551286019695529,01/22,075929100182,平田 伸一(37)
保田 信雄,やすだ のぶお,Yasuda Nobuo,62,1959年12月29日,男,B,yasuda_1229@example.jp,03-9870-4738,090-3058-8551,165-5431,東京都狛江市岩戸南3-1-407,,5245238777361080,10/23,080883392659,保田 信雄(62)
佐々木 雅彦,ささき まさひこ,Sasaki Masahiko,50,1971年08月01日,男,B,sasakimasahiko@example.com,03-5858-1226,070-2210-3512,101-8473,東京都渋谷区代々木3丁目2番10号,株式会社椿,377480573062428,11/24,256851029227,佐々木 雅彦(50)
山内 和彦,やまうち かずひこ,Yamauchi Kazuhiko,29,1992年11月04日,男,O,yamauchi_kazuhiko@example.org,06-8145-1713,070-4296-0580,582-5669,大阪府茨木市彩都やまぶき3丁目2番10号,有限会社森商事,4774483701341749,05/24,663122528005,山内 和彦(29)
入江 賢,いりえ けん,Irie Ken,51,1970年08月03日,男,A,irie_83@example.com,0460-43-6736,080-3393-3694,216-4786,神奈川県鎌倉市台2丁目2番10号,有限会社マルタカ,3534114439837186,12/26,545322652298,入江 賢(51)
杉本 順也,すぎもと じゅんや,Sugimoto Junya,57,1964年06月30日,男,O,sugimoto630@example.co.jp,0567-48-1451,090-6493-9240,484-4939,愛知県名古屋市南区大同町2-4-17,,370396270105699,10/24,797477327368,杉本 順也(57)
西村 正和,にしむら まさかず,Nishimura Masakazu,23,1998年12月11日,男,AB,masakazu_nishimura@example.org,03-8658-7408,090-8101-3727,140-4910,東京都港区西麻布3-4-10,株式会社ビルド,375947038765813,11/23,332502759631,西村 正和(23)
鈴野 愛美,すずの めぐみ,Suzuno Manami,34,1987年03月07日,女,AB,suzunomanami@example.co.jp,03-1786-1699,090-2851-5334,110-6715,東京都杉並区荻窪1-1-5,株式会社クラウン,3571820350884536,12/23,980338746789,鈴野 愛美(34)
松永 一幸,まつなが かずゆき,Matsunaga Kazuyuki,76,1945年01月28日,男,O,matsunaga_128@example.net,0773-57-6254,070-2171-2799,619-2761,京都府京都市東山区五条橋東3丁目1番地10号,,5396906607873378,04/23,134170345157,松永 一幸(76)
広田 勝,ひろた まさる,Hirota Masaru,24,1997年07月10日,男,A,masaru_hirota@example.jp,0250-75-5065,070-3630-2809,950-8890,新潟県上越市仲町4丁目3番7号,株式会社レインボー,5167948820174330,10/22,702922450166,広田 勝(24)
真山 浩明,まやま ひろあき,Mayama Hiroaki,20,2001年11月05日,男,A,hiroaki_mayama@example.co.jp,0220-95-2484,080-6780-4360,988-5938,宮城県仙台市若林区若林4丁目3番6号,株式会社ファイン,5402384613612200,02/23,254135102867,真山 浩明(20)
藤田 綾太,ふじた りょうた,Fujita Ryota,28,1993年02月09日,男,A,fujita_29@example.org,06-5414-5677,070-8801-5763,542-2492,大阪府羽曳野市南恵我之荘1-1-20,,5340346217543391,08/22,958317309545,藤田 綾太(28)
永井 達人,ながい たつひと,Nagai Tatsuhito,35,1986年03月17日,男,B,nagai_tatsuhito@example.net,03-7808-5743,090-4954-5116,124-5057,東京都稲城市向陽台2-5-12,株式会社サンワード,3564600892398610,03/26,724501446139,永井 達人(35)
酒井 衛,さかい まもる,Sakai Mamoru,53,1968年05月06日,男,O,sakai56@example.ne.jp,0940-28-4207,090-2510-9170,835-1129,福岡県福岡市東区馬出2-5-15,株式会社東邦,3532250276999093,09/23,381449799767,酒井 衛(53)
山本 翔子,やまもと しょうこ,Yamamoto Shoko,77,1944年09月06日,女,B,yamamoto96@example.jp,0465-92-7242,090-3290-6276,218-2084,神奈川県川崎市多摩区長沢1-1-705,,4409372576052411,07/26,103953568504,山本 翔子(77)
仲間 孝之,なかま たかゆき,Nakama Takayuki,43,1978年12月03日,男,AB,nakama_takayuki@example.jp,03-9779-9861,090-6239-6417,100-7420,東京都足立区鹿浜2丁目2番7号,有限会社サンフーズ,3535239738230079,01/24,134523829200,仲間 孝之(43)
吉本 亙,よしもと わたる,Yoshimoto Wataru,60,1961年11月20日,男,O,yoshimotowataru@example.ne.jp,0531-47-5269,090-5329-2760,475-5455,愛知県稲沢市小沢2丁目3番地9号,,5422454587743343,03/26,077587091294,吉本 亙(60)
村上 卓,むらかみ すぐる,Murakami Taku,50,1971年09月22日,男,B,murakami_922@example.jp,0476-63-3296,050-0377-7920,277-3758,千葉県習志野市大久保2-4-11,株式会社AZ,5403808861760880,11/23,886645844198,村上 卓(50)
山崎 真紀,やまざき まき,Yamazaki Maki,21,2000年09月26日,女,B,makiyamazaki@example.com,0495-48-6710,080-1382-5607,345-4561,埼玉県さいたま市浦和区常盤3-2-107,東和商事株式会社,5311036784306612,02/24,269259177609,山崎 真紀(21)
名倉 勲,なぐら いさお,Nagura Isao,26,1995年07月15日,男,O,isao_nagura@example.net,03-0178-2106,050-9539-0252,180-1343,東京都江戸川区北葛西2丁目2番10号,株式会社フジタ,5334552874186147,04/23,908744135917,名倉 勲(26)
松 知世,まつ ちせ,Matsu Tomoyo,61,1960年10月31日,女,O,tomoyo_matsu@example.com,0834-26-2248,050-5187-1907,757-8026,山口県岩国市麻里布町4丁目3番地6号,,3570632381913247,02/23,290289238105,松 知世(61)
中嶋 大補,なかじま だいすけ,Nakajima Daisuke,60,1961年07月20日,男,B,daisuke_nakajima@example.com,03-7939-4022,070-9055-9059,100-2191,東京都世田谷区成城1丁目3番6号,,377310196394074,04/26,342923228215,中嶋 大補(60)
齊藤 伸広,さいとう のぶひろ,Saito Nobuhiro,33,1988年08月25日,男,B,nobuhiro_saito@example.org,0226-21-8884,090-7402-7592,983-2505,宮城県仙台市宮城野区扇町2-4-9,株式会社橘,3544412836555197,06/23,046490105611,齊藤 伸広(33)
小池 春奈,こいけ はるな,Koike Haruna,38,1983年06月17日,女,B,koikeharuna@example.org,0463-32-2585,070-2123-2409,223-7923,神奈川県大和市中央林間西1丁目3番4号,株式会社まごころ,4385632772210552,12/26,795167543998,小池 春奈(38)
伊藤 裕文,いとう ひろふみ,Ito Hirofumi,38,1983年06月07日,男,A,ito67@example.net,046-042-9354,070-1303-0449,213-9852,神奈川県茅ヶ崎市東海岸北3-3-5,株式会社Roots,4740255880375925,08/22,748825591103,伊藤 裕文(38)
石村 大,いしむら だい,Ishimura Dai,54,1967年06月07日,男,A,ishimura_67@example.co.jp,03-8793-8483,080-2521-4436,157-6395,東京都練馬区中村北3-4-509,株式会社秀栄,4750083672630845,04/24,783593619995,石村 大(54)
河合 明子,かわい あきこ,Kawai Akiko,66,1955年12月18日,その他・不明,O,kawai1218@example.net,045-720-7848,090-8375-7674,254-1122,神奈川県横浜市西区みなとみらい3-5-301,,370356853006383,09/22,607615201580,河合 明子(66)
松田 利江子,まつだ りえこ,Matsuda Rieko,45,1976年08月14日,女,A,matsuda_814@example.jp,03-8917-6701,050-4504-7211,155-8690,東京都武蔵野市吉祥寺本町4丁目1番3号,有限会社スエヒロ,4823702139378804,05/25,761164843115,松田 利江子(45)
中島 俊行,なかじま としゆき,Nakajima Toshiyuki,30,1991年11月11日,男,B,nakajima_toshiyuki@example.ne.jp,0478-40-9569,050-2425-4806,276-0679,千葉県市川市大洲1-1-1101,サンテック株式会社,5158923356122012,02/25,589816632890,中島 俊行(30)
田中 一彦,たなか かずひこ,Tanaka Kazuhiko,37,1984年05月16日,男,B,tanaka_kazuhiko@example.org,0289-05-3278,050-4803-5066,323-0517,栃木県足利市伊勢町2-4-309,株式会社サクラ,370722406110628,03/24,921360131074,田中 一彦(37)
市川 俊雄,いちかわ としお,Ichikawa Toshio,64,1957年09月09日,その他・不明,A,toshioichikawa@example.jp,01547-9-2009,050-3666-6991,079-9709,北海道旭川市末広一条3丁目2番地8号,,379406404235907,10/22,188673916022,市川 俊雄(64)
小長谷 正人,こながや まさと,Konagaya Masato,23,1998年08月16日,男,O,konagaya_816@example.jp,03-5009-2742,090-7394-2408,124-3492,東京都豊島区目白3-1-5,,3570494959834085,12/23,945761664560,小長谷 正人(23)
佐藤 佳代子,さとう かよこ,Sato Kayoko,35,1986年05月19日,女,O,kayokosato@example.com,06-1497-2582,070-6562-1412,568-6771,大阪府八尾市竹渕西2-4-7,株式会社トーシン,3583309926467121,10/26,647197986224,佐藤 佳代子(35)
下條 鉄也,しもじょう てつや,Shimojo Tetsuya,58,1963年04月04日,男,B,shimojo_44@example.com,029-394-0015,050-2927-3565,314-0470,茨城県神栖市知手中央2丁目2番地5号,株式会社KIZUNA,5284815636580372,07/26,977286537247,下條 鉄也(58)
吉村 和音,よしむら たいじ,Yoshimura Kazune,33,1988年09月10日,男,O,kazuneyoshimura@example.net,03-4841-1328,050-4663-0665,209-9612,東京都練馬区下石神井3-4-906,株式会社ソレイユ,377225335283949,07/26,151252850129,吉村 和音(33)
齋藤 隆司,さいとう りゅうじ,Saito Takashi,70,1951年10月12日,男,AB,saito_takashi@example.co.jp,03-2046-7056,050-6095-5395,190-2926,東京都世田谷区砧2-5-17,,4777392514645831,07/25,534866654306,齋藤 隆司(70)
水谷 光芳,みずたに みつよし,Mizutani Mitsuyoshi,36,1985年08月23日,男,A,mizutani_823@example.net,03-6169-1089,050-2709-3181,185-2240,東京都墨田区太平4丁目2番地8号,有限会社三栄商事,5186059630919307,05/23,312121164444,水谷 光芳(36)
松尾 さつき,まつお さつき,Matsuo Satsuki,76,1945年11月17日,女,O,satsuki_matsuo@example.ne.jp,03-8205-5203,080-6284-5443,195-7775,東京都北区赤羽台3-5-5,,3550255689018693,02/22,113695569148,松尾 さつき(76)
菊島 智子,きくしま ともこ,Kikushima Tomoko,53,1968年08月04日,女,A,kikushima84@example.com,03-4175-7032,090-2934-8725,125-2613,東京都世田谷区用賀3-3-22,有限会社高橋組,4360944109728621,03/22,588380371321,菊島 智子(53)
渡辺 毅,わたなべ たかし,Watanabe Takeshi,57,1964年03月04日,男,B,watanabe_takeshi@example.org,03-9441-9821,050-6156-4960,187-2713,東京都品川区旗の台2-4-7,株式会社山口工務店,3556099445535028,03/24,097312301427,渡辺 毅(57)
奥田 良樹,おくだ よしき,Okuda Yoshiki,29,1992年07月22日,男,A,okuda_722@example.net,04-6904-1794,090-2291-6739,360-6799,埼玉県さいたま市桜区西堀3-2-22,株式会社アダチ,5482200891371629,01/24,877852117892,奥田 良樹(29)
前田 貴彦,まえだ たかひこ,Maeda Takahiko,80,1941年06月19日,男,A,maeda619@example.ne.jp,0480-12-1217,070-1695-5027,360-5481,埼玉県坂戸市千代田1丁目1番9号,,375469233799166,07/25,010903282490,前田 貴彦(80)
堀 奈津子,ほり なつこ,Hori Natsuko,23,1998年12月03日,女,AB,natsukohori@example.com,0494-47-2351,050-0608-9550,364-3259,埼玉県川口市青木2-4-7,鈴木建設株式会社,4350827993894603,06/24,894541181157,堀 奈津子(23)
佐藤 大介,さとう だいすけ,Sato Daisuke,34,1987年02月19日,男,A,satodaisuke@example.org,06-2272-6030,080-6306-2004,533-0309,大阪府三島郡島本町桜井1丁目1番4号,有限会社酒井商店,370378737147068,07/25,371485666700,佐藤 大介(34)
岩佐 雄,いわさ ゆう,Iwasa Yu,76,1945年07月04日,男,A,iwasayu@example.net,03-2357-2532,080-6440-9227,114-4324,東京都江戸川区南小岩1-1-13,,3552734602776098,06/23,484769990744,岩佐 雄(76)
井上 康弘,いのうえ やすひろ,Inoue Yasuhiro,45,1976年03月12日,男,B,inoueyasuhiro@example.org,045-088-8988,070-0487-3373,233-4249,神奈川県川崎市川崎区大島1-5-15,株式会社清和,5497468407401007,08/26,951684059666,井上 康弘(45)
阪田 智子,さかた ともこ,Sakata Tomoko,70,1951年11月03日,その他・不明,A,tomoko_sakata@example.co.jp,0223-22-6883,090-2223-2807,987-6289,宮城県仙台市青葉区中央1-5-12,,5139546770889009,06/25,143769062810,阪田 智子(70)
赤塚 哲,あかつか さとし,Akatsuka Satoshi,21,2000年07月10日,男,A,akatsuka_satoshi@example.jp,046-132-3254,080-9811-3734,210-6264,神奈川県横浜市鶴見区北寺尾4丁目2番9号,有限会社大地,5364483860798617,06/26,898858459148,赤塚 哲(21)
宮川 ひとみ,みやがわ ひとみ,Miyagawa Hitomi,22,1999年09月29日,女,AB,miyagawa929@example.ne.jp,03-4259-0052,050-7979-2090,112-9346,東京都江東区森下1-1-804,株式会社丸福,4356504019577009,04/24,207280011316,宮川 ひとみ(22)
池田 彰洋,いけだ あきひろ,Ikeda Akihiro,45,1976年12月07日,男,O,akihiro_ikeda@example.org,0965-93-7484,050-2280-0679,862-8972,熊本県熊本市東区長嶺東4丁目1番6号,有限会社山本建設,3540096399387983,01/26,694398417617,池田 彰洋(45)
橋間 英樹,はしま ひでき,Hashima Hideki,39,1982年04月13日,その他・不明,O,hidekihashima@example.org,06-0384-1284,070-6019-2938,557-2545,大阪府大阪市大正区平尾3丁目2番10号,株式会社山本,378248254810731,09/22,232177908701,橋間 英樹(39)
野村 由美子,のむら ゆみこ,Nomura Yumiko,38,1983年12月26日,女,A,nomura_1226@example.org,03-2232-8484,070-2393-9332,103-7154,東京都千代田区九段南1-5-20,株式会社アーバン,4133194132661581,10/23,553248644493,野村 由美子(38)
中川 歩,なかがわ あゆみ,Nakagawa Ayumi,57,1964年11月17日,男,AB,nakagawa_ayumi@example.net,045-728-4877,070-0585-1481,256-2573,神奈川県座間市栗原中央4丁目1番地9号,有限会社プラス,5275906916706943,06/24,109641787517,中川 歩(57)
今井 篤史,いまい あつし,Imai Atsushi,67,1954年12月21日,男,O,imai1221@example.net,03-4653-3102,080-3447-6735,184-5170,東京都千代田区麹町3-5-18,,3536545708490066,12/26,063611207087,今井 篤史(67)
酒井 栄二,さかい えいじ,Sakai Eiji,63,1958年04月30日,男,A,sakai_eiji@example.com,03-0407-3715,090-2605-6921,114-1154,東京都品川区東品川4丁目3番8号,,4065045266714798,03/26,178491457132,酒井 栄二(63)
川本 佳織,かわもと かおり,Kawamoto Kaori,76,1945年05月30日,女,A,kaorikawamoto@example.jp,0225-11-9391,050-6219-6042,987-7735,宮城県仙台市青葉区国見ケ丘2-4-10,,379433561727559,09/24,347524954079,川本 佳織(76)
平沢 勇人,ひらさわ はやと,Hirasawa Hayato,27,1994年05月19日,男,O,hayato_hirasawa@example.co.jp,03-5299-0027,090-5859-2174,164-2191,東京都豊島区長崎1丁目1番8号,株式会社さくら,5154230141524823,08/23,551636041935,平沢 勇人(27)
白浜 清隆,しらはま きよたか,Shirahama Kiyotaka,27,1994年03月13日,男,O,kiyotaka_shirahama@example.org,03-7146-5689,050-6722-8803,177-5217,東京都中野区野方3-4-6,株式会社日和,5485366150531794,03/26,865098126407,白浜 清隆(27)
丸山 奈那,まるやま なな,Maruyama Nana,44,1977年08月12日,女,A,maruyama_nana@example.org,03-2356-2850,050-5569-7831,185-2184,東京都豊島区南池袋2-3-4,株式会社HANA,4594193139317322,10/25,973811838770,丸山 奈那(44)
大原 健二,おおはら けんじ,Ohara Kenji,28,1993年04月12日,男,A,ohara_kenji@example.net,06-0114-9444,070-0711-3835,591-9109,大阪府大阪市大正区三軒家東1-5-5,株式会社高橋建設,5182022159526808,03/25,006094537280,大原 健二(28)
伊藤 幸也,いとう ゆきや,Ito Yukiya,67,1954年06月02日,男,O,ito62@example.jp,0467-96-4391,050-0293-0397,215-0192,神奈川県横浜市港北区樽町1-5-19,,374825915560054,12/24,185459117210,伊藤 幸也(67)
中村 裕二,なかむら ゆうじ,Nakamura Yuji,78,1943年05月15日,男,B,yuji_nakamura@example.org,0965-64-5589,050-9948-3390,864-6592,熊本県熊本市中央区大江4丁目1番6号,,379882288756962,03/24,169895311035,中村 裕二(78)
樋口 亮平,ひぐち りょうへい,Higuchi Ryohei,26,1995年07月03日,男,O,higuchiryohei@example.net,03-0327-4211,090-9770-1388,205-0599,東京都文京区小石川3-5-708,有限会社山口建設,3587887652969739,06/22,337921144037,樋口 亮平(26)
山本 亮,やまもと りょう,Yamamoto Ryo,53,1968年07月09日,男,A,ryo_yamamoto@example.jp,0277-23-9991,080-5301-9045,376-2421,群馬県前橋市日吉町3-5-101,株式会社リアン,4166389568950652,04/23,854519157755,山本 亮(53)
松田 麻衣,まつだ まい,Matsuda Mai,41,1980年08月11日,女,B,matsudamai@example.ne.jp,03-0906-8334,090-2755-4956,135-1510,東京都板橋区小茂根3-2-5,株式会社松本工業,3572135471595344,07/25,792095745486,松田 麻衣(41)
白木 幸治,しらき こうじ,Shiraki Koji,43,1978年12月10日,男,O,shiraki_koji@example.org,03-2203-0528,090-4527-5495,197-7221,東京都千代田区麹町1丁目1番10号,株式会社こころ,4228716041098855,11/23,010426097686,白木 幸治(43)
岡部 恵子,おかべ けいこ,Okabe Keiko,31,1990年06月18日,女,O,keikookabe@example.com,0284-09-9853,050-6702-2155,376-5930,群馬県前橋市南町2丁目1番6号,株式会社シンク,370107852834469,12/22,643446893953,岡部 恵子(31)
森野 宏幸,もりの ひろゆき,Morino Hiroyuki,40,1981年05月01日,男,A,morino_hiroyuki@example.net,045-505-2960,050-2671-7774,221-4430,神奈川県横須賀市西浦賀4丁目3番7号,有限会社ヤマイチ,4996447882257398,11/24,959492746687,森野 宏幸(40)
星 昭宏,ほし あきひろ,Hoshi Akihiro,26,1995年06月10日,男,A,hoshiakihiro@example.net,03-4758-9993,090-8261-7167,128-8907,東京都大田区蒲田1-1-13,有限会社渡辺商事,3588141969726799,03/23,850761140063,星 昭宏(26)
熊倉 信太郎,くまくら しんたろう,Kumakura Shintaro,58,1963年10月18日,男,B,kumakurashintaro@example.jp,092-081-6853,070-2326-0088,838-0738,福岡県福岡市東区香椎照葉3-5-19,株式会社大創,5360125203472608,08/23,763524091180,熊倉 信太郎(58)
増田 拓也,ますだ たくや,Masuda Takuya,50,1971年09月09日,男,O,masuda_99@example.net,0735-24-2556,050-8863-1249,649-0026,和歌山県和歌山市本町3-4-701,,371569532505760,02/25,570434251320,増田 拓也(50)
後藤 洋行,ごとう ひろゆき,Goto Hiroyuki,43,1978年02月26日,男,O,hiroyukigoto@example.org,0466-32-6186,070-9257-1677,228-8286,神奈川県横浜市緑区長津田みなみ台1-3-605,,373830863804430,10/22,562128482464,後藤 洋行(43)
奈良 弘,なら ひろし,Nara Hiroshi,37,1984年09月07日,男,A,nara97@example.ne.jp,0965-28-9256,090-6738-7707,866-7280,熊本県熊本市中央区九品寺2丁目3番5号,株式会社ユーアイ,3547277826728824,07/26,560718418203,奈良 弘(37)
斉藤 篤子,さいとう あつこ,Saito Atsuko,33,1988年11月02日,女,AB,saito_atsuko@example.net,0439-71-1494,080-2706-1590,290-7265,千葉県船橋市海神3-4-1205,株式会社グレイス,3571530239914103,05/26,684690691228,斉藤 篤子(33)
笹 豊和,ささ とよかず,Sasa Toyokazu,29,1992年11月26日,男,A,sasa_toyokazu@example.jp,0824-70-1671,070-3981-4215,727-9266,広島県広島市安芸区船越南3-1-11,株式会社みやび,3553826801988778,03/26,726158302480,笹 豊和(29)
中内 亘,なかうち わたる,Nakauchi Wataru,28,1993年05月12日,男,O,nakauchi512@example.co.jp,0940-17-8868,090-2285-7497,803-7092,福岡県北九州市小倉南区下吉田1-5-9,有限会社小川工務店,5362455167290003,04/25,429027870097,中内 亘(28)
田中 高史,たなか たかふみ,Tanaka Takashi,49,1972年11月14日,男,AB,takashi_tanaka@example.ne.jp,06-3827-6562,090-2440-2224,585-6423,大阪府大阪市東淀川区西淡路2-5-8,株式会社東栄,378810638364766,06/24,049172089193,田中 高史(49)
畑中 歩,はたなか あゆみ,Hatanaka Ayumi,63,1958年04月30日,男,B,hatanaka430@example.ne.jp,042-091-5381,050-6892-5677,330-6492,埼玉県川口市赤井3-4-502,,4381600312620709,09/23,352441974934,畑中 歩(63)
八坂 勇輝,やさか ゆうき,Yasaka Yuki,52,1969年08月13日,男,B,yasakayuki@example.co.jp,03-2330-8931,070-9122-3370,120-2734,東京都八王子市子安町2-1-206,株式会社あおい,4469098149242349,09/26,028619501936,八坂 勇輝(52)
岩渕 唯,いわぶち ゆい,Iwabuchi Yui,75,1947年01月03日,女,A,iwabuchiyui@example.com,03-5388-6974,050-7926-8966,190-2404,東京都豊島区西池袋3-1-11,,5100313341496052,11/26,319631910900,岩渕 唯(75)
両角 和秀,もろずみ かずひで,Morozumi Kazuhide,65,1956年09月16日,男,B,morozumi_916@example.jp,0145-89-3286,070-8089-4428,064-1551,北海道札幌市北区北二十八条西3-1-15,,4014593244840211,04/25,138456272357,両角 和秀(65)
浅野 達弥,あさの たつや,Asano Tatsuya,22,1999年08月08日,男,A,asano88@example.jp,06-5456-2456,050-8391-4567,547-1320,大阪府大阪市福島区玉川3-3-16,有限会社ストリーム,5164396320771051,08/25,887399266445,浅野 達弥(22)
影山 義明,かげやま よしあき,Kageyama Yoshiaki,75,1946年10月04日,男,A,kageyamayoshiaki@example.net,093-965-4625,070-3007-1737,803-7840,福岡県太宰府市向佐野3-4-13,,3567564153060409,05/25,178767083134,影山 義明(75)
田崎 浩介,たさき こうすけ,Tasaki Kosuke,78,1943年03月24日,男,A,kosuketasaki@example.org,03-8634-2094,050-4811-9074,144-8189,東京都江戸川区船堀3-2-802,,5483765434849652,09/23,795876752894,田崎 浩介(78)
加藤 雅丈,かとう まさたけ,Kato Masatake,68,1953年01月16日,男,O,kato_116@example.ne.jp,06-3462-6996,090-8438-7922,566-4764,大阪府藤井寺市道明寺1丁目2番10号,,4883944208253628,06/22,865562714171,加藤 雅丈(68)
今村 秀樹,いまむら ひでき,Imamura Hideki,52,1969年04月17日,男,B,hideki_imamura@example.net,03-1704-7633,090-5565-2117,145-6205,東京都江東区東陽2-3-6,株式会社BOND,3561695722363332,05/24,530091131551,今村 秀樹(52)
助川 沙知,すけがわ さち,Sukegawa Sachi,28,1993年02月15日,女,O,sachisukegawa@example.org,0466-47-3886,050-3562-1450,211-5859,神奈川県茅ヶ崎市香川1-5-406,有限会社プロフィット,370141458206608,03/22,818793356016,助川 沙知(28)
山田 紀章,やまだ のりあき,Yamada Noriaki,74,1947年04月30日,男,B,yamada430@example.ne.jp,06-0040-3897,090-1224-7952,567-8024,大阪府大阪市中央区久太郎町2-3-12,,3577882143075099,06/22,699529543674,山田 紀章(74)
伊藤 俊一,いとう しゅんいち,Ito Shunichi,49,1972年10月21日,その他・不明,A,shunichi_ito@example.ne.jp,03-4570-9300,080-0509-3181,176-6635,東京都杉並区今川2-3-16,有限会社サンケン,3558792858677794,12/24,423536301680,伊藤 俊一(49)
岡野 理紗,おかの ありさ,Okano Risa,23,1998年07月21日,女,AB,okano_721@example.com,06-2554-6660,070-3960-9301,535-8342,大阪府東大阪市善根寺町3-4-104,株式会社藤商,4438189219755654,05/24,986966084289,岡野 理紗(23)
武内 愛美,たけうち めぐみ,Takeuchi Manami,80,1941年01月30日,女,B,takeuchi130@example.co.jp,03-5084-2442,090-0370-8933,114-9345,東京都荒川区東日暮里2丁目1番地8号,,378080527236117,06/22,681829630203,武内 愛美(80)
高木 晋吾,たかぎ しんご,Takagi Shingo,22,1999年06月10日,男,O,takagishingo@example.net,03-8462-0049,050-2963-3006,144-8070,東京都渋谷区千駄ヶ谷3-1-14,株式会社山本製作所,3581287565724501,12/22,153817898360,高木 晋吾(22)
岩崎 和馬,いわさき かずま,Iwasaki Kazuma,39,1982年03月09日,男,A,kazumaiwasaki@example.jp,01655-1-7728,050-0006-1514,055-4814,北海道旭川市忠和七条2丁目2番6号,有限会社ヨコヤマ,4535445506497950,09/24,857351654544,岩崎 和馬(39)
木村 一葉,きむら かづは,Kimura Kazuha,37,1984年01月26日,女,AB,kazuhakimura@example.ne.jp,06-2548-5136,080-3361-0475,541-3445,大阪府大阪市中央区難波1-5-15,有限会社藤和,4438262884551979,04/22,496041470688,木村 一葉(37)
福田 忍,ふくだ しのぶ,Fukuda Shinobu,75,1946年03月06日,男,B,shinobu_fukuda@example.org,03-4131-1954,050-4411-6840,156-5041,東京都港区三田1-2-3,,5419054398611138,10/26,878767942732,福田 忍(75)
岡村 菜穂,おかむら なほ,Okamura Naho,74,1947年08月01日,その他・不明,A,okamuranaho@example.co.jp,044-355-3939,090-0363-5443,215-7534,神奈川県相模原市南区東林間1丁目1番5号,,5591470707967732,08/25,428643227070,岡村 菜穂(74)
小笠原 直,おがさわら ただし,Ogasawara Nao,34,1987年05月30日,男,O,ogasawaranao@example.jp,03-7922-8719,070-9934-0388,208-8089,東京都三鷹市大沢4丁目2番4号,,3552490840226871,11/24,153662643891,小笠原 直(34)
天野 政明,あまの まさあき,Amano Masaaki,60,1961年10月07日,男,A,amanomasaaki@example.net,0569-28-8680,090-5278-6089,451-9315,愛知県名古屋市天白区梅が丘3丁目3番3号,,5597355722630908,02/25,202191983108,天野 政明(60)
中村 進,なかむら すすむ,Nakamura Susumu,42,1979年07月07日,男,B,nakamurasusumu@example.net,0940-34-3962,080-9390-7631,831-6902,福岡県那珂川市仲2丁目3番地10号,株式会社クリスタル,4290615723379075,04/23,603758313170,中村 進(42)
小峯 俊介,こみね しゅんすけ,Komine Shunsuke,49,1973年01月07日,男,A,komine_17@example.org,0494-78-6145,080-2424-3921,363-0282,埼玉県越谷市南越谷1-4-7,有限会社美建,370019267572180,02/26,142847260938,小峯 俊介(49)
黒澤 茂樹,くろさわ しげき,Kurosawa Shigeki,47,1974年07月16日,男,A,kurosawa_shigeki@example.co.jp,06-0886-9747,070-2526-5319,575-2523,大阪府大阪市住吉区長居東1-4-18,,5332507068106543,02/26,811683579457,黒澤 茂樹(47)
加藤 佳子,かとう よしこ,Kato Yoshiko,64,1957年02月20日,女,B,kato220@example.jp,086-211-5343,080-6397-0508,710-7985,岡山県岡山市中区原尾島3-1-17,,4924104949268226,11/25,549200026219,加藤 佳子(64)
近藤 凛,こんどう りん,Kondo Rin,37,1984年04月10日,女,O,kondorin@example.jp,0467-03-1915,070-1198-6522,234-9377,神奈川県横浜市磯子区森3-1-3,共栄産業株式会社,4937232931438369,04/26,621235067603,近藤 凛(37)
野田 亮子,のだ りょうこ,Noda Ryoko,22,1999年05月06日,女,A,noda_56@example.com,03-0356-1473,070-2159-1347,192-8899,東京都台東区浅草橋1-4-3,有限会社山商,5224286143469694,08/22,364158066310,野田 亮子(22)
高橋 愛,たかはし あい,Takahashi Ai,51,1970年09月12日,女,B,takahashiai@example.ne.jp,03-1295-1971,080-2804-9967,131-0438,東京都台東区千束3-4-9,,378462096388919,05/26,783351485820,高橋 愛(51)
大場 和子,おおば かずこ,Oba Kazuko,59,1962年03月26日,女,A,oba_kazuko@example.net,03-2100-8786,080-7528-3619,110-2522,東京都墨田区東駒形3丁目3番地5号,有限会社たかはし,372770650926908,09/24,218447675728,大場 和子(59)
平岡 梨恵,ひらおか りえ,Hiraoka Rie,30,1991年05月21日,女,B,hiraoka521@example.jp,044-871-9211,090-0682-9811,233-9908,神奈川県横浜市中区海岸通3-1-8,有限会社プレステージ,4662426640679310,01/25,172500379869,平岡 梨恵(30)
江黒 康之,えぐろ やすゆき,Eguro Yasuyuki,26,1995年11月18日,男,A,eguro_yasuyuki@example.co.jp,03-3608-2073,090-2330-5464,100-0425,東京都中央区銀座1丁目3番3号,株式会社あおば,377284357297865,02/26,327598567408,江黒 康之(26)
清水 裕司,しみず ゆうじ,Shimizu Yuji,75,1946年08月21日,男,A,shimizu_821@example.co.jp,0947-10-9266,090-7552-1643,835-3933,福岡県福岡市西区下山門3-4-105,,5559119179116571,02/23,405484686793,清水 裕司(75)
高辻 ユミコ,たかつじ ゆみこ,Takatsuji Yumiko,34,1987年03月15日,女,A,takatsuji_yumiko@example.com,0983-38-1192,050-6567-7522,885-5287,宮崎県都城市鷹尾1丁目1番地9号,株式会社アリエス,4300854179493126,07/22,157712313761,高辻 ユミコ(34)
村田 昌人,むらた まさと,Murata Masato,51,1970年10月12日,男,B,masatomurata@example.co.jp,06-9326-1523,080-2933-0665,541-7938,大阪府大阪市鶴見区緑2-4-5,有限会社寿屋,3528510732744847,03/26,451358227882,村田 昌人(51)
清水 功,しみず いさお,Shimizu Isao,47,1974年09月14日,男,O,shimizu_914@example.jp,092-304-8694,090-3044-8576,830-6884,福岡県福岡市中央区平尾1丁目3番10号,株式会社Kプランニング,4569226664566557,12/26,145896043550,清水 功(47)
村本 剛,むらもと つよし,Muramoto Tsuyoshi,74,1947年08月13日,男,B,muramototsuyoshi@example.org,03-9717-7771,070-7694-5811,150-8589,東京都江戸川区臨海町1-3-12,,4067675914395273,10/26,747499858793,村本 剛(74)
桑野 寛,くわの ひろし,Kuwano Hiroshi,58,1963年01月21日,男,O,kuwano121@example.org,0940-53-8513,050-3166-7795,836-9508,福岡県福岡市早良区西新3丁目2番地7号,,4785966431235964,07/26,598051816385,桑野 寛(58)
西谷 孝尚,にしたに たかなお,Nishitani Takanao,32,1989年11月13日,男,O,nishitani1113@example.com,03-3007-1992,070-7901-8262,114-2377,東京都中央区日本橋本町3丁目2番9号,,375751758484054,09/25,046694078362,西谷 孝尚(32)
浜中 雄大,はまなか たけひろ,Hamanaka Yudai,54,1967年10月11日,男,B,hamanaka1011@example.jp,03-0776-2394,090-8305-8051,162-3149,東京都港区西麻布3-5-17,,377393841720422,09/26,185085200399,浜中 雄大(54)
遠藤 宗和,えんどう ひろかず,Endo Munekazu,67,1954年05月04日,男,A,munekazuendo@example.org,043-963-6054,090-7724-7810,298-7803,千葉県松戸市南花島3-4-10,,4394236329375253,03/25,508854582961,遠藤 宗和(67)
中谷 洵,なかたに まこと,Nakatani Jun,67,1954年05月16日,男,O,nakatani_516@example.org,0820-96-6745,050-9121-3017,752-6511,山口県岩国市室の木町1丁目2番10号,,3556926023986381,10/22,269021388865,中谷 洵(67)
金城 徹,きんじょう とおる,Kinjo Toru,50,1971年03月04日,男,O,toru_kinjo@example.net,0476-52-0770,050-9704-7965,264-9737,千葉県松戸市六高台1-2-19,有限会社ナカガワ,372954817119488,04/26,834301806556,金城 徹(50)
中澤 貴文,なかざわ たかふみ,Nakazawa Takafumi,24,1997年07月31日,女,A,nakazawatakafumi@example.org,0562-78-4816,090-1745-0247,458-1305,愛知県刈谷市寺横町3-3-5,有限会社ロータス,371693649544437,02/23,402054925884,中澤 貴文(24)
梅澤 めぐみ,うめざわ めぐみ,Umezawa Megumi,25,1996年04月15日,女,B,umezawa_megumi@example.org,03-1499-7603,070-6431-5956,209-0974,東京都墨田区太平2-2-17,株式会社プレシャス,373216315332321,10/23,674685493560,梅澤 めぐみ(25)
田中 桃代,たなか ももよ,Tanaka Momoyo,63,1958年09月29日,女,A,tanaka_momoyo@example.ne.jp,03-9532-7187,070-8275-9964,108-7605,東京都足立区大谷田1丁目3番地5号,,4658781560792410,09/26,034433438541,田中 桃代(63)
小田 洋介,おだ ようすけ,Oda Yosuke,67,1955年01月01日,男,B,oda11@example.jp,03-0306-8533,050-5960-6040,110-2185,東京都港区赤坂2-1-18,,4865527297836544,08/25,248719287524,小田 洋介(67)
勝又 浩一,かつまた こういち,Katsumata Koichi,50,1971年03月31日,男,O,katsumatakoichi@example.com,03-1542-7015,090-3344-8382,111-3746,東京都東久留米市幸町1丁目2番地3号,有限会社明日香,376209341138975,05/23,059359448494,勝又 浩一(50)
松本 誠,まつもと まこと,Matsumoto Makoto,40,1981年03月05日,男,O,matsumoto35@example.ne.jp,03-9681-1681,070-7148-7942,178-9187,東京都渋谷区恵比寿1丁目1番3号,有限会社吉田商店,371060065493434,12/24,940603124505,松本 誠(40)
草刈 明江,くさかり あきえ,Kusakari Akie,53,1968年05月08日,女,B,kusakari_akie@example.jp,03-7103-6499,090-8566-4063,204-6684,東京都豊島区東池袋1-5-20,株式会社岡田,4251881298028359,02/23,696692560633,草刈 明江(53)
曽根 美奈,そね みな,Sone Mina,59,1962年12月28日,女,A,sonemina@example.net,086-864-1202,090-6253-8593,707-5969,岡山県岡山市北区青江2-3-11,株式会社プラム,5138056946680283,11/26,670095993171,曽根 美奈(59)
黒木 聡,くろき あきら,Kuroki Satoshi,46,1975年11月29日,男,A,kuroki_satoshi@example.net,06-7946-1011,070-7646-2129,588-2315,大阪府大阪市中央区南船場1-3-13,有限会社今井商店,370273196753771,07/23,240774540963,黒木 聡(46)
羽山 学,はやま まなぶ,Hayama Manabu,53,1968年07月02日,男,B,hayama_manabu@example.co.jp,03-5274-4789,080-1207-0553,165-4461,東京都品川区旗の台4丁目1番地3号,有限会社パステル,3553386772033377,05/24,222210859090,羽山 学(53)
長戸 拓哉,ながと たくや,Nagato Takuya,52,1969年11月20日,男,A,takuya_nagato@example.net,03-1391-6005,050-3770-0349,168-9474,東京都北区田端3-5-15,株式会社ミヤタ,5423480200287474,02/26,152311032423,長戸 拓哉(52)
北島 昭宏,きたじま あきひろ,Kitajima Akihiro,39,1982年07月22日,男,O,kitajimaakihiro@example.org,0154-66-9886,070-5786-2234,099-6365,北海道札幌市中央区北七条西1-2-15,アイテック株式会社,372897047396584,08/23,534759876983,北島 昭宏(39)
清水 静江,しみず しずえ,Shimizu Shizue,50,1971年12月13日,女,O,shizue_shimizu@example.ne.jp,086-070-5331,070-8577-3078,701-3985,岡山県倉敷市児島唐琴2-5-7,有限会社のぞみ,3552405519850561,08/26,049528606260,清水 静江(50)
村田 裕子,むらた ゆうこ,Murata Yuko,70,1951年12月07日,女,O,murata_yuko@example.co.jp,0460-14-8100,080-1163-1080,235-4644,神奈川県横浜市港北区綱島東4丁目3番7号,,4245424280097980,08/25,434162636200,村田 裕子(70)
松田 直美,まつだ なおみ,Matsuda Naomi,65,1956年02月25日,女,O,matsuda_naomi@example.net,06-5805-0265,080-1419-7081,540-8916,大阪府大阪市旭区大宮1-2-103,,379056204002179,05/23,823591027952,松田 直美(65)
高橋 賢治,たかはし けんじ,Takahashi Kenji,74,1947年11月07日,男,A,takahashikenji@example.jp,03-8474-8769,090-2418-1121,204-7150,東京都立川市栄町3-3-6,,5421020344295124,08/24,134066005204,高橋 賢治(74)
安部 智己,あべ ともき,Abe Tomomi,34,1987年08月19日,男,B,abe819@example.org,0795-47-8608,070-9049-0674,655-3349,兵庫県神戸市中央区下山手通3-4-10,,373115825686244,04/23,790530547893,安部 智己(34)
佐々木 和也,ささき かずや,Sasaki Kazuya,55,1966年12月20日,男,A,sasaki1220@example.com,03-4209-2135,090-4029-6654,106-6565,東京都練馬区大泉学園町2-1-4,第一産業株式会社,4059764648064023,07/25,363031940155,佐々木 和也(55)
林 香,はやし かおり,Hayashi Kaori,50,1971年02月19日,女,A,kaorihayashi@example.com,047-365-6896,070-7781-8767,294-2579,千葉県木更津市東太田3-5-909,株式会社佐藤工業,3586506065375976,08/22,434926745220,林 香(50)
橋本 敬之,はしもと たかゆき,Hashimoto Takayuki,66,1955年08月04日,男,AB,hashimoto84@example.com,03-2068-3732,050-9524-1670,102-3025,東京都中央区日本橋本石町2丁目3番5号,,4264584095195547,07/22,302142105175,橋本 敬之(66)
大久保 浩司,おおくぼ ひろし,Okubo Koji,74,1947年06月29日,男,A,kojiokubo@example.org,03-0194-7642,080-3880-8916,200-5141,東京都江戸川区西瑞江2丁目1番5号,,5516849859787992,04/26,569071022660,大久保 浩司(74)
井上 真司,いのうえ しんじ,Inoue Shinji,69,1952年04月18日,男,A,shinji_inoue@example.org,0220-68-5416,070-8088-8604,983-6620,宮城県仙台市青葉区中山3-2-406,,372793689448967,06/23,002300197275,井上 真司(69)
松本 大,まつもと だい,Matsumoto Dai,64,1957年09月15日,男,AB,matsumotodai@example.com,03-0159-9311,070-4606-4094,172-6781,東京都渋谷区神宮前4丁目1番4号,,5210970472895480,03/25,329050435310,松本 大(64)
谷田部 靖幸,やたべ やすゆき,Yatabe Yasuyuki,47,1974年03月04日,男,AB,yatabe_yasuyuki@example.com,03-8212-7235,080-5643-5839,132-1519,東京都練馬区上石神井2-3-5,株式会社いろは,4624163872024959,06/22,231314303557,谷田部 靖幸(47)
鈴木 一樹,すずき かずき,Suzuki Kazuki,53,1968年11月28日,その他・不明,A,kazukisuzuki@example.com,03-8653-8778,080-6960-7919,190-2035,東京都江戸川区東小岩3丁目2番8号,有限会社わかば,3569073832166981,08/26,790738791860,鈴木 一樹(53)
佐々木 智,ささき とも,Sasaki Satoshi,22,1999年04月15日,男,O,satoshi_sasaki@example.net,0984-39-0557,050-5512-4932,880-9490,宮崎県宮崎市生目台東4丁目3番4号,株式会社ミック,5358151253336422,12/24,940962722302,佐々木 智(22)
佐藤 尚美,さとう なおみ,Sato Naomi,37,1984年10月25日,女,B,satonaomi@example.com,06-9454-4290,090-4012-1159,586-6096,大阪府大阪市淀川区西中島3-5-507,,4277300015256375,12/24,398430450615,佐藤 尚美(37)
中尾 寛之,なかお ひろゆき,Nakao Hiroyuki,79,1942年02月25日,男,B,nakao_hiroyuki@example.org,04-1192-7762,080-9951-8735,285-0605,千葉県千葉市中央区登戸4丁目3番7号,,5435102601912866,01/22,703320054193,中尾 寛之(79)
室橋 珠美,むろはし たまみ,Murohashi Tamami,58,1963年12月19日,女,AB,murohashi_1219@example.ne.jp,0556-21-9874,070-5168-6714,408-8383,山梨県甲府市国母2-5-7,株式会社コーケン,4328605559169852,07/26,801412176149,室橋 珠美(58)
田中 克彦,たなか かつひこ,Tanaka Katsuhiko,58,1963年05月26日,男,A,katsuhikotanaka@example.com,0225-10-3770,070-6952-9580,989-2586,宮城県塩竈市清水沢1-4-809,株式会社ライズコーポレーション,5589448214909185,03/23,671240605327,田中 克彦(58)
鈴木 侑希,すずき ゆき,Suzuki Yuki,57,1964年12月01日,男,A,suzuki_yuki@example.co.jp,03-8715-2839,080-4812-0902,131-5104,東京都港区南麻布2丁目2番5号,株式会社アーク,5363887036015980,04/25,241907662605,鈴木 侑希(57)
黒川 義輝,くろかわ よしてる,Kurokawa Yoshiteru,64,1957年10月29日,男,B,kurokawayoshiteru@example.ne.jp,0135-50-6255,090-8696-1763,071-8727,北海道苫小牧市柳町1丁目1番8号,,5571279532242722,05/25,805527350245,黒川 義輝(64)
佐久間 慎太郎,さくま しんたろう,Sakuma Shintaro,35,1986年12月24日,男,B,shintaro_sakuma@example.ne.jp,06-0622-9495,090-8909-4998,573-1138,大阪府大阪市東淀川区西淡路1-5-14,有限会社大地,3561127500391418,11/22,080084945432,佐久間 慎太郎(35)
酒井 貴之,さかい たかゆき,Sakai Takayuki,20,2001年06月01日,男,O,takayuki_sakai@example.ne.jp,06-1717-8576,070-4210-3767,549-1327,大阪府大阪市平野区加美北2-3-15,有限会社ダイシン,4679529807270665,08/26,745434336134,酒井 貴之(20)
青山 英己,あおやま ひでき,Aoyama Hideki,74,1947年08月19日,男,A,hideki_aoyama@example.ne.jp,048-469-6843,050-1003-2398,360-7922,埼玉県さいたま市北区宮原町4丁目1番地7号,,4536806959603528,10/23,547665304840,青山 英己(74)
高橋 啓佑,たかはし けいすけ,Takahashi Keisuke,77,1944年01月16日,男,A,keisuketakahashi@example.net,0771-00-4122,080-5069-0377,620-5810,京都府京都市伏見区深草西浦町1丁目1番地8号,,4700690466893057,03/23,931065663477,高橋 啓佑(77)
戸田 裕哉,とだ ひろや,Toda Yuya,70,1951年04月05日,男,B,todayuya@example.co.jp,03-8314-7998,090-0160-3435,170-2501,東京都西東京市南町3-3-15,,3554230423779419,04/23,849112732654,戸田 裕哉(70)
森田 敏文,もりた としふみ,Morita Toshifumi,55,1966年05月21日,男,O,toshifumimorita@example.net,049-251-1065,050-7674-4443,358-6585,埼玉県坂戸市関間3丁目1番6号,有限会社青木工務店,3537486974512383,05/22,736527039297,森田 敏文(55)
國本 萌,くにもと もえ,Kunimoto Moe,56,1965年04月08日,女,B,moe_kunimoto@example.com,0944-97-5273,050-0530-4430,865-9424,熊本県熊本市中央区水前寺2丁目3番地4号,有限会社高木商店,4762446465238405,02/23,294128194367,國本 萌(56)
中川 一宏,なかがわ かずひろ,Nakagawa Kazuhiro,39,1982年08月01日,男,B,nakagawa_81@example.ne.jp,03-9194-0140,070-5031-1474,103-4141,東京都荒川区東日暮里2-4-19,有限会社アラキ,4130128162999746,08/26,273933007800,中川 一宏(39)
片山 玲子,かたやま れいこ,Katayama Reiko,25,1996年11月09日,女,A,reikokatayama@example.co.jp,06-6959-9207,070-8598-1272,561-4797,大阪府大阪市中央区南船場1-3-10,株式会社コスミック,376054890962015,04/25,558509561649,片山 玲子(25)
阿部 恵理,あべ えり,Abe Eri,46,1975年06月08日,女,B,abe68@example.co.jp,0947-60-5915,070-7963-7172,831-0055,福岡県福岡市東区和白東2-1-19,株式会社橋本,3551690329409028,06/25,312477943219,阿部 恵理(46)
清水 一磨,しみず かずま,Shimizu Kazuma,52,1969年05月26日,男,A,shimizu_526@example.jp,03-0957-9084,090-0011-5362,196-8261,東京都町田市金森3丁目3番9号,有限会社ツカサ,379242577295489,10/26,514630526160,清水 一磨(52)
坂本 一,さかもと かず,Sakamoto Hajime,61,1960年10月24日,男,B,sakamotohajime@example.com,0533-07-6515,070-3755-7867,488-1527,愛知県名古屋市守山区大森1-1-8,,4290554403796557,04/25,803981569976,坂本 一(61)
天野 心,あまの こころ,Amano Shin,80,1941年10月14日,男,O,amanoshin@example.co.jp,03-5345-0559,080-0452-6289,134-3323,東京都葛飾区東立石1-2-11,,5295966320549756,09/25,386188877112,天野 心(80)
山崎 二郎,やまざき じろう,Yamazaki Jiro,52,1969年06月02日,男,A,yamazaki_62@example.net,03-2580-8135,050-7209-3040,144-5088,東京都世田谷区下馬1-5-803,株式会社藤商,4453548991279359,05/23,017185169855,山崎 二郎(52)
長瀬 真也,ながせ しんや,Nagase Shinya,34,1987年12月04日,男,O,nagaseshinya@example.ne.jp,03-0227-2013,070-6850-2841,109-8972,東京都墨田区両国1-3-15,株式会社SKY,5476117859413342,04/24,528957447702,長瀬 真也(34)
松本 英太,まつもと えいた,Matsumoto Eita,44,1977年01月31日,男,B,matsumotoeita@example.co.jp,0436-59-9551,050-3517-0408,289-2994,千葉県千葉市緑区あすみが丘東3-1-5,株式会社サンシステム,4977202011492678,09/22,014517066819,松本 英太(44)
持永 大樹,もちなが たいき,Mochinaga Daiki,33,1988年09月18日,男,A,mochinagadaiki@example.ne.jp,03-7935-9929,090-1050-0630,150-0883,東京都板橋区板橋3丁目2番4号,有限会社ピュア,5323748802180532,01/26,810203490668,持永 大樹(33)
関根 光一,せきね こういち,Sekine Koichi,60,1961年11月20日,男,B,sekine_koichi@example.net,079-582-2907,080-8581-5594,664-2804,兵庫県姫路市飾磨区構1丁目1番8号,,3545295493445466,09/26,560802212386,関根 光一(60)
藤田 基成,ふじた もとなり,Fujita Motonari,23,1998年02月22日,男,O,fujita_222@example.co.jp,06-7190-3915,090-8297-8849,593-5738,大阪府大阪市阿倍野区文の里4丁目2番地6号,株式会社サンライト,3565190583103064,04/26,388749543416,藤田 基成(23)
西山 好美,にしやま よしみ,Nishiyama Yoshimi,23,1998年02月13日,女,B,nishiyamayoshimi@example.net,0466-43-5753,070-0898-8929,219-4640,神奈川県横浜市港北区綱島西1丁目3番3号,有限会社藤田工業,5223811143627016,03/26,723849365870,西山 好美(23)
青柳 一也,あおやぎ かずや,Aoyagi Kazuya,71,1950年03月29日,男,B,kazuya_aoyagi@example.com,045-990-4895,050-5662-9667,223-1240,神奈川県横浜市鶴見区矢向1-2-21,,5232484680780215,08/26,104208549332,青柳 一也(71)
川村 真人,かわむら まひと,Kawamura Masato,33,1988年03月20日,男,O,kawamura_masato@example.ne.jp,0283-15-6997,090-2668-1389,323-3756,栃木県宇都宮市簗瀬4丁目2番10号,有限会社ことぶき,4086516796397937,09/25,455406214971,川村 真人(33)
米田 丈晴,よねだ たけはる,Yoneda Takeharu,49,1972年11月23日,男,A,yoneda_1123@example.co.jp,04-6302-0220,090-9562-7614,357-0171,埼玉県川口市前川1-1-19,有限会社山口工務店,5228363528767970,03/23,345166060483,米田 丈晴(49)
渡邊 夏美,わたなべ なつみ,Watanabe Natsumi,75,1946年05月06日,女,O,natsumiwatanabe@example.co.jp,06-0216-4372,080-9098-5421,563-2743,大阪府豊中市曽根西町1-4-6,,3533696472911226,02/25,567012633394,渡邊 夏美(75)
山内 隆,やまうち たかし,Yamauchi Takashi,54,1967年12月20日,男,A,takashiyamauchi@example.net,03-6659-4521,070-4327-3396,199-0046,東京都江戸川区東小松川4丁目2番3号,有限会社松屋,3577043723899065,04/22,461860817605,山内 隆(54)
新井 孝雄,あらい たかお,Arai Takao,32,1989年09月08日,その他・不明,O,araitakao@example.ne.jp,0566-51-6502,080-7082-0890,449-2756,愛知県名古屋市西区城西1丁目1番地10号,株式会社エイブル,3532787272394043,02/25,503258200944,新井 孝雄(32)
田中 宏之,たなか ひろゆき,Tanaka Hiroyuki,44,1977年03月29日,男,A,tanaka329@example.ne.jp,03-0152-1979,080-3746-5022,141-9387,東京都大田区下丸子2-5-18,有限会社ミルキーウェイ,5457136131633702,02/23,522018252119,田中 宏之(44)
冨士原 亮佑,ふじわら りょうすけ,Fujiwara Ryosuke,46,1975年02月06日,男,A,fujiwara_26@example.co.jp,0569-05-0647,090-6173-0878,451-7082,愛知県名古屋市中村区名駅2丁目2番地7号,有限会社エルム,5481433876371345,02/25,301492513300,冨士原 亮佑(46)
西森 友美,にしもり ゆみ,Nishimori Tomomi,21,2000年11月16日,女,AB,nishimori_tomomi@example.org,06-3243-0720,090-2031-0049,559-6816,大阪府大阪市西区九条南1-1-20,株式会社ライズコーポレーション,377303215189633,09/23,717994028865,西森 友美(21)
津田 圭祐,つだ けいすけ,Tsuda Keisuke,68,1953年04月16日,男,A,keisuketsuda@example.ne.jp,0887-09-0992,050-0949-8049,780-8427,高知県高知市高須新町2-2-1007,,378250085913965,06/23,529996548563,津田 圭祐(68)
福島 香,ふくしま かおり,Fukushima Kaori,45,1976年09月20日,女,AB,fukushima_kaori@example.net,0980-27-8448,090-9833-3938,901-1943,沖縄県宜野湾市嘉数2丁目2番7号,株式会社グロー,5353269895266016,01/27,526099983096,福島 香(45)
肥田 裕子,ひだ ゆうこ,Hida Yuko,53,1968年04月02日,女,A,hida42@example.org,0994-13-5364,090-7081-5033,890-3312,鹿児島県鹿児島市南栄2丁目2番8号,有限会社アルファー,4260819191368828,12/26,892901641631,肥田 裕子(53)
堀野 幸平,ほりの こうへい,Horino Kohei,48,1974年01月10日,男,O,kohei_horino@example.org,0564-65-4031,070-3544-8286,477-2408,愛知県知多市にしの台3丁目1番地6号,株式会社セイシン,5259853180819954,08/25,454769842056,堀野 幸平(48)